AvailabilityZone,InstanceType,SpotPrice,Timestamp,Compute Units (ECU),Physical Processor,Clock Speed(GHz),intr rate,CostEfficiency
ap-northeast-3b,c5n.xlarge,0.0372,2024-02-18 08:08:18+00:00,20,Intel Xeon Platinum 8124M,,2,537.6344086021505
ap-northeast-3a,c5n.xlarge,0.0391,2024-02-18 08:16:22+00:00,20,Intel Xeon Platinum 8124M,,2,511.5089514066496
ap-northeast-3b,c5d.xlarge,0.0407,2024-02-18 09:15:52+00:00,20,Intel Xeon Platinum 8124M,,0,491.4004914004914
ap-northeast-3b,m5.xlarge,0.0384,2024-02-18 06:00:58+00:00,16,Intel Xeon Platinum 8175,2.5GHz,0,416.6666666666667
ap-northeast-3a,c4.xlarge,0.0387,2024-02-18 12:00:49+00:00,16,Intel Xeon E5-2666 v3 (Haswell),,0,413.43669250645996
ap-northeast-3a,m5.xlarge,0.0395,2024-02-18 12:01:24+00:00,16,Intel Xeon Platinum 8175,2.5GHz,0,405.0632911392405
ap-northeast-3a,c5d.xlarge,0.0497,2024-02-18 08:45:51+00:00,20,Intel Xeon Platinum 8124M,,0,402.41448692152915
ap-east-1c,c5n.xlarge,0.051,2024-02-18 00:31:10+00:00,20,Intel Xeon Platinum 8124M,,1,392.15686274509807
ap-northeast-3c,c5d.xlarge,0.0537,2024-02-18 07:45:51+00:00,20,Intel Xeon Platinum 8124M,,0,372.43947858473
ap-northeast-3c,r5.xlarge,0.0514,2024-02-18 08:31:18+00:00,19,Intel Xeon Platinum 8175,2.5GHz,1,369.6498054474708
ap-northeast-3b,r5.xlarge,0.0516,2024-02-18 03:45:52+00:00,19,Intel Xeon Platinum 8175,2.5GHz,1,368.2170542635659
ap-east-1c,r5.xlarge,0.0521,2024-02-18 10:45:59+00:00,19,Intel Xeon Platinum 8175,2.5GHz,0,364.68330134357007
ap-east-1a,r5.xlarge,0.0526,2024-02-18 04:46:32+00:00,19,Intel Xeon Platinum 8175,2.5GHz,0,361.21673003802283
ap-northeast-3b,r5d.xlarge,0.0556,2024-02-18 05:31:20+00:00,19,Intel Xeon Platinum 8175,2.5GHz,0,341.726618705036
eu-north-1b,r5.xlarge,0.056,2024-02-18 08:32:22+00:00,19,Intel Xeon Platinum 8175,2.5GHz,3,339.2857142857143
ap-northeast-3c,r5d.xlarge,0.0578,2024-02-18 10:16:16+00:00,19,Intel Xeon Platinum 8175,2.5GHz,0,328.719723183391
ap-northeast-3a,m5d.xlarge,0.0489,2024-02-18 10:16:04+00:00,16,Intel Xeon Platinum 8175,2.5GHz,1,327.19836400817996
ap-northeast-1d,r5.xlarge,0.0596,2024-02-18 02:16:28+00:00,19,Intel Xeon Platinum 8175,2.5GHz,3,318.79194630872485
eu-north-1a,c5n.xlarge,0.063,2024-02-18 10:31:33+00:00,20,Intel Xeon Platinum 8124M,,0,317.46031746031747
ap-northeast-2c,z1d.xlarge,0.0731,2024-02-17 23:32:21+00:00,23,Intel Xeon Platinum 8151,4.0GHz,4,314.63748290013683
ap-northeast-2a,z1d.xlarge,0.0731,2024-02-18 09:32:20+00:00,23,Intel Xeon Platinum 8151,4.0GHz,4,314.63748290013683
eu-north-1b,c5n.xlarge,0.0636,2024-02-18 08:46:49+00:00,20,Intel Xeon Platinum 8124M,,0,314.4654088050314
eu-west-3c,r5.xlarge,0.0622,2024-02-18 00:17:27+00:00,19,Intel Xeon Platinum 8175,2.5GHz,1,305.4662379421222
ap-northeast-2b,m5.xlarge,0.0525,2024-02-18 02:16:58+00:00,16,Intel Xeon Platinum 8175,2.5GHz,3,304.76190476190476
ap-northeast-1c,z1d.xlarge,0.0755,2024-02-18 01:31:16+00:00,23,Intel Xeon Platinum 8151,4.0GHz,4,304.63576158940396
eu-north-1b,c5d.xlarge,0.0666,2024-02-18 10:01:32+00:00,20,Intel Xeon Platinum 8124M,,0,300.30030030030025
ap-northeast-3a,c5.xlarge,0.0669,2024-02-18 07:30:57+00:00,20,Intel Xeon Platinum 8124M,,1,298.9536621823617
us-east-2c,c5.xlarge,0.0679,2024-02-18 11:46:19+00:00,20,Intel Xeon Platinum 8124M,,1,294.5508100147275
ap-east-1c,c5d.xlarge,0.068,2024-02-18 07:16:37+00:00,20,Intel Xeon Platinum 8124M,,0,294.11764705882354
ap-east-1c,c5.xlarge,0.0682,2024-02-18 12:01:24+00:00,20,Intel Xeon Platinum 8124M,,0,293.2551319648094
us-east-2a,c5.xlarge,0.0684,2024-02-18 05:16:29+00:00,20,Intel Xeon Platinum 8124M,,1,292.39766081871346
ap-east-1b,c5.xlarge,0.0689,2024-02-18 09:01:17+00:00,20,Intel Xeon Platinum 8124M,,0,290.27576197387515
ap-northeast-1d,z1d.xlarge,0.0794,2024-02-18 08:31:37+00:00,23,Intel Xeon Platinum 8151,4.0GHz,4,289.67254408060455
ap-northeast-1a,z1d.xlarge,0.0801,2024-02-18 07:46:37+00:00,23,Intel Xeon Platinum 8151,4.0GHz,4,287.14107365792756
us-west-2b,c5.xlarge,0.0706,2024-02-18 11:16:51+00:00,20,Intel Xeon Platinum 8124M,,0,283.28611898017
ap-east-1a,c5.xlarge,0.0707,2024-02-18 09:01:17+00:00,20,Intel Xeon Platinum 8124M,,0,282.88543140028287
us-west-2a,c5.xlarge,0.0708,2024-02-18 08:47:05+00:00,20,Intel Xeon Platinum 8124M,,0,282.4858757062147
ap-northeast-2d,m5.xlarge,0.0569,2024-02-18 11:47:25+00:00,16,Intel Xeon Platinum 8175,2.5GHz,3,281.195079086116
ap-northeast-3c,m5.xlarge,0.0571,2024-02-18 09:30:46+00:00,16,Intel Xeon Platinum 8175,2.5GHz,0,280.21015761821366
eu-north-1b,c5.xlarge,0.0716,2024-02-18 09:31:34+00:00,20,Intel Xeon Platinum 8124M,,1,279.3296089385475
ap-northeast-3a,r5d.xlarge,0.0682,2024-02-18 06:01:21+00:00,19,Intel Xeon Platinum 8175,2.5GHz,0,278.59237536656894
ap-northeast-2d,r5d.xlarge,0.0682,2024-02-18 09:16:27+00:00,19,Intel Xeon Platinum 8175,2.5GHz,4,278.59237536656894
us-east-2b,z1d.xlarge,0.0827,2024-02-18 09:31:47+00:00,23,Intel Xeon Platinum 8151,4.0GHz,4,278.1136638452237
us-west-2c,c5.xlarge,0.0726,2024-02-18 01:46:33+00:00,20,Intel Xeon Platinum 8124M,,0,275.4820936639118
ca-central-1b,c5d.xlarge,0.073,2024-02-18 07:46:39+00:00,20,Intel Xeon Platinum 8124M,,0,273.972602739726
ap-northeast-2c,c5.xlarge,0.073,2024-02-18 09:01:37+00:00,20,Intel Xeon Platinum 8124M,,2,273.972602739726
us-west-2a,c5d.xlarge,0.0731,2024-02-18 06:17:02+00:00,20,Intel Xeon Platinum 8124M,,0,273.59781121751024
ap-northeast-3a,r5.xlarge,0.0698,2024-02-18 03:15:56+00:00,19,Intel Xeon Platinum 8175,2.5GHz,1,272.2063037249284
ap-east-1b,c5d.xlarge,0.0735,2024-02-18 07:16:37+00:00,20,Intel Xeon Platinum 8124M,,0,272.108843537415
ap-east-1a,c5d.xlarge,0.0735,2024-02-18 10:16:28+00:00,20,Intel Xeon Platinum 8124M,,0,272.108843537415
us-east-2b,c5.xlarge,0.0737,2024-02-18 02:31:09+00:00,20,Intel Xeon Platinum 8124M,,1,271.37042062415196
ap-northeast-2c,c5d.xlarge,0.0739,2024-02-18 09:17:16+00:00,20,Intel Xeon Platinum 8124M,,0,270.63599458728015
eu-north-1a,c5.xlarge,0.0739,2024-02-18 10:32:09+00:00,20,Intel Xeon Platinum 8124M,,1,270.63599458728015
us-west-2a,c5n.xlarge,0.0741,2024-02-18 11:02:25+00:00,20,Intel Xeon Platinum 8124M,,1,269.9055330634278
ca-central-1d,c5d.xlarge,0.0743,2024-02-18 10:46:39+00:00,20,Intel Xeon Platinum 8124M,,0,269.17900403768505
ca-central-1a,c5.xlarge,0.0743,2024-02-18 09:32:02+00:00,20,Intel Xeon Platinum 8124M,,4,269.17900403768505
ca-central-1d,c5n.xlarge,0.0746,2024-02-18 10:31:23+00:00,20,Intel Xeon Platinum 8124M,,1,268.0965147453083
ap-east-1c,r5d.xlarge,0.072,2024-02-18 10:31:23+00:00,19,Intel Xeon Platinum 8175,2.5GHz,0,263.8888888888889
ap-south-1b,c5.xlarge,0.0759,2024-02-18 09:46:48+00:00,20,Intel Xeon Platinum 8124M,,1,263.5046113306983
eu-west-2a,c5.xlarge,0.0759,2024-02-18 11:02:15+00:00,20,Intel Xeon Platinum 8124M,,2,263.5046113306983
us-west-2b,c5d.xlarge,0.076,2024-02-18 08:31:46+00:00,20,Intel Xeon Platinum 8124M,,0,263.15789473684214
ap-northeast-2b,c5d.xlarge,0.0761,2024-02-18 07:01:21+00:00,20,Intel Xeon Platinum 8124M,,0,262.8120893561104
ap-northeast-2c,m5.xlarge,0.0611,2024-02-18 06:46:56+00:00,16,Intel Xeon Platinum 8175,2.5GHz,3,261.8657937806874
us-west-2b,c5n.xlarge,0.077,2024-02-18 07:32:07+00:00,20,Intel Xeon Platinum 8124M,,1,259.7402597402597
ca-central-1b,c5n.xlarge,0.0771,2024-02-18 07:46:22+00:00,20,Intel Xeon Platinum 8124M,,1,259.40337224383916
ca-central-1a,c5n.xlarge,0.0771,2024-02-18 08:47:22+00:00,20,Intel Xeon Platinum 8124M,,1,259.40337224383916
ap-northeast-2c,c5n.xlarge,0.0774,2024-02-18 00:47:26+00:00,20,Intel Xeon Platinum 8124M,,0,258.3979328165375
ap-south-1a,c5.xlarge,0.0777,2024-02-18 07:16:31+00:00,20,Intel Xeon Platinum 8124M,,1,257.4002574002574
us-west-1a,z1d.xlarge,0.0895,2024-02-18 10:31:29+00:00,23,Intel Xeon Platinum 8151,4.0GHz,4,256.9832402234637
ap-northeast-2a,c5n.xlarge,0.078,2024-02-18 00:46:26+00:00,20,Intel Xeon Platinum 8124M,,0,256.4102564102564
us-west-2b,m5.xlarge,0.0624,2024-02-18 01:46:53+00:00,16,Intel Xeon Platinum 8175,2.5GHz,3,256.4102564102564
ap-northeast-2d,c5d.xlarge,0.0781,2024-02-18 01:17:07+00:00,20,Intel Xeon Platinum 8124M,,0,256.08194622279126
ap-northeast-2b,c5n.xlarge,0.0781,2024-02-18 04:02:34+00:00,20,Intel Xeon Platinum 8124M,,0,256.08194622279126
ap-northeast-2a,c5d.xlarge,0.0783,2024-02-18 02:46:48+00:00,20,Intel Xeon Platinum 8124M,,0,255.4278416347382
eu-west-3c,c5d.xlarge,0.0784,2024-02-18 07:16:50+00:00,20,Intel Xeon Platinum 8124M,,0,255.10204081632654
eu-north-1a,c5d.xlarge,0.0788,2024-02-17 12:31:07+00:00,20,Intel Xeon Platinum 8124M,,0,253.80710659898477
eu-central-1c,c5.xlarge,0.0789,2024-02-18 01:16:31+00:00,20,Intel Xeon Platinum 8124M,,1,253.4854245880862
ca-central-1a,c5d.xlarge,0.079,2024-02-18 05:01:19+00:00,20,Intel Xeon Platinum 8124M,,0,253.1645569620253
us-west-2a,m5.xlarge,0.0633,2024-02-18 11:47:01+00:00,16,Intel Xeon Platinum 8175,2.5GHz,3,252.76461295418645
sa-east-1b,r5.xlarge,0.0753,2024-02-17 22:45:55+00:00,19,Intel Xeon Platinum 8175,2.5GHz,1,252.32403718459494
us-west-2c,m5.xlarge,0.0635,2024-02-18 04:01:52+00:00,16,Intel Xeon Platinum 8175,2.5GHz,3,251.96850393700788
us-east-1f,c5.xlarge,0.0795,2024-02-18 03:16:55+00:00,20,Intel Xeon Platinum 8124M,,0,251.57232704402514
ap-east-1b,r5.xlarge,0.0758,2024-02-18 09:46:27+00:00,19,Intel Xeon Platinum 8175,2.5GHz,0,250.65963060686013
eu-north-1c,c5n.xlarge,0.0799,2024-02-18 03:46:32+00:00,20,Intel Xeon Platinum 8124M,,0,250.31289111389236
eu-west-3c,c5.xlarge,0.08,2024-02-18 06:16:32+00:00,20,Intel Xeon Platinum 8124M,,0,250.0
ap-northeast-1a,c5.xlarge,0.0805,2024-02-18 11:30:57+00:00,20,Intel Xeon Platinum 8124M,,0,248.4472049689441
us-east-2b,c5d.xlarge,0.081,2024-02-18 07:46:30+00:00,20,Intel Xeon Platinum 8124M,,0,246.91358024691357
eu-north-1c,c5d.xlarge,0.0811,2024-02-18 11:17:17+00:00,20,Intel Xeon Platinum 8124M,,0,246.60912453760787
ap-northeast-1c,c5.xlarge,0.0812,2024-02-18 04:16:06+00:00,20,Intel Xeon Platinum 8124M,,0,246.30541871921184
eu-north-1b,m5.xlarge,0.065,2024-02-18 03:32:12+00:00,16,Intel Xeon Platinum 8175,2.5GHz,0,246.15384615384613
eu-west-3c,c5n.xlarge,0.0815,2024-02-18 10:02:26+00:00,20,Intel Xeon Platinum 8124M,,1,245.39877300613497
eu-north-1c,m5.xlarge,0.0654,2024-02-18 04:46:31+00:00,16,Intel Xeon Platinum 8175,2.5GHz,0,244.64831804281346
eu-west-1c,c5.xlarge,0.0819,2024-02-18 09:46:22+00:00,20,Intel Xeon Platinum 8124M,,0,244.20024420024419
ap-south-1c,c5d.xlarge,0.082,2024-02-18 09:16:30+00:00,20,Intel Xeon Platinum 8124M,,1,243.90243902439025
eu-central-1b,c5.xlarge,0.0821,2024-02-18 09:01:25+00:00,20,Intel Xeon Platinum 8124M,,1,243.60535931790497
ca-central-1d,m5.xlarge,0.0658,2024-02-18 07:46:58+00:00,16,Intel Xeon Platinum 8175,2.5GHz,4,243.16109422492403
eu-north-1a,m5.xlarge,0.0659,2024-02-18 12:16:23+00:00,16,Intel Xeon Platinum 8175,2.5GHz,0,242.79210925644915
us-east-2b,c5n.xlarge,0.0824,2024-02-18 01:47:13+00:00,20,Intel Xeon Platinum 8124M,,0,242.71844660194174
us-west-1b,c5d.xlarge,0.0824,2024-02-18 12:01:23+00:00,20,Intel Xeon Platinum 8124M,,0,242.71844660194174
ap-south-1b,c5d.xlarge,0.0825,2024-02-18 05:32:28+00:00,20,Intel Xeon Platinum 8124M,,1,242.4242424242424
ap-south-1c,c5n.xlarge,0.0826,2024-02-18 10:46:39+00:00,20,Intel Xeon Platinum 8124M,,0,242.13075060532685
eu-north-1c,c5.xlarge,0.0827,2024-02-18 03:31:12+00:00,20,Intel Xeon Platinum 8124M,,1,241.8379685610641
ap-northeast-3c,m5d.xlarge,0.0663,2024-02-18 08:46:31+00:00,16,Intel Xeon Platinum 8175,2.5GHz,1,241.32730015082956
ap-northeast-2a,c5.xlarge,0.0829,2024-02-18 05:17:33+00:00,20,Intel Xeon Platinum 8124M,,2,241.25452352231605
ap-east-1c,m5.xlarge,0.0668,2024-02-18 10:00:56+00:00,16,Intel Xeon Platinum 8175,2.5GHz,0,239.52095808383234
us-east-1b,c5.xlarge,0.0835,2024-02-18 07:49:04+00:00,20,Intel Xeon Platinum 8124M,,0,239.5209580838323
eu-west-1b,c5.xlarge,0.0838,2024-02-18 10:46:25+00:00,20,Intel Xeon Platinum 8124M,,0,238.6634844868735
eu-west-3a,c5d.xlarge,0.0839,2024-02-18 07:01:50+00:00,20,Intel Xeon Platinum 8124M,,0,238.37902264600714
us-west-1a,c5d.xlarge,0.084,2024-02-18 11:46:23+00:00,20,Intel Xeon Platinum 8124M,,0,238.09523809523807
eu-central-1a,c5.xlarge,0.084,2024-02-18 01:46:33+00:00,20,Intel Xeon Platinum 8124M,,1,238.09523809523807
us-west-2d,c5.xlarge,0.0843,2024-02-18 09:47:28+00:00,20,Intel Xeon Platinum 8124M,,0,237.2479240806643
eu-west-3b,m5.xlarge,0.0678,2024-02-18 07:31:10+00:00,16,Intel Xeon Platinum 8175,2.5GHz,0,235.98820058997052
eu-west-2c,c5d.xlarge,0.0851,2024-02-18 11:01:24+00:00,20,Intel Xeon Platinum 8124M,,0,235.01762632197415
ap-northeast-3c,c5n.xlarge,0.0851,2024-02-18 02:18:59+00:00,20,Intel Xeon Platinum 8124M,,2,235.01762632197415
us-east-1c,c5.xlarge,0.0853,2024-02-18 06:02:26+00:00,20,Intel Xeon Platinum 8124M,,0,234.46658851113716
ap-southeast-1b,c5.xlarge,0.0853,2024-02-18 12:01:26+00:00,20,Intel Xeon Platinum 8124M,,2,234.46658851113716
us-west-1b,c5.xlarge,0.0855,2024-02-18 02:16:28+00:00,20,Intel Xeon Platinum 8124M,,0,233.91812865497073
us-west-2d,m5.xlarge,0.0686,2024-02-18 00:16:41+00:00,16,Intel Xeon Platinum 8175,2.5GHz,3,233.23615160349857
eu-west-1a,c5.xlarge,0.0858,2024-02-18 05:16:37+00:00,20,Intel Xeon Platinum 8124M,,0,233.10023310023308
us-east-2c,c5d.xlarge,0.0858,2024-02-18 11:02:04+00:00,20,Intel Xeon Platinum 8124M,,0,233.10023310023308
eu-west-2a,c5d.xlarge,0.0859,2024-02-18 08:02:08+00:00,20,Intel Xeon Platinum 8124M,,0,232.8288707799767
us-west-2c,c5d.xlarge,0.086,2024-02-18 10:01:53+00:00,20,Intel Xeon Platinum 8124M,,0,232.55813953488374
us-east-1d,c5.xlarge,0.0861,2024-02-18 05:46:58+00:00,20,Intel Xeon Platinum 8124M,,0,232.28803716608596
ap-east-1b,m5.xlarge,0.0689,2024-02-18 10:00:56+00:00,16,Intel Xeon Platinum 8175,2.5GHz,0,232.22060957910014
ap-south-1a,c5d.xlarge,0.0865,2024-02-18 09:32:18+00:00,20,Intel Xeon Platinum 8124M,,1,231.21387283236996
us-east-1a,c5.xlarge,0.0866,2024-02-18 09:46:55+00:00,20,Intel Xeon Platinum 8124M,,0,230.9468822170901
ca-central-1a,m5.xlarge,0.0693,2024-02-18 03:46:30+00:00,16,Intel Xeon Platinum 8175,2.5GHz,4,230.88023088023087
ap-southeast-1b,c5d.xlarge,0.0867,2024-02-17 17:46:32+00:00,20,Intel Xeon Platinum 8124M,,1,230.6805074971165
us-west-1a,c5.xlarge,0.0869,2024-02-18 08:46:30+00:00,20,Intel Xeon Platinum 8124M,,0,230.14959723820482
ap-northeast-2d,c5.xlarge,0.0869,2024-02-18 04:32:23+00:00,20,Intel Xeon Platinum 8124M,,2,230.14959723820482
ap-northeast-3b,c5.xlarge,0.0871,2024-02-18 08:16:03+00:00,20,Intel Xeon Platinum 8124M,,1,229.6211251435132
ca-central-1b,c4.xlarge,0.0701,2024-02-18 08:16:12+00:00,16,Intel Xeon E5-2666 v3 (Haswell),,0,228.2453637660485
us-east-2a,m5.xlarge,0.0701,2024-02-18 08:46:38+00:00,16,Intel Xeon Platinum 8175,2.5GHz,3,228.2453637660485
eu-west-2c,m5.xlarge,0.0702,2024-02-18 07:01:34+00:00,16,Intel Xeon Platinum 8175,2.5GHz,4,227.92022792022792
eu-central-1c,m5.xlarge,0.0704,2024-02-18 12:16:40+00:00,16,Intel Xeon Platinum 8175,2.5GHz,3,227.27272727272725
eu-north-1c,r5.xlarge,0.0837,2024-02-18 05:01:38+00:00,19,Intel Xeon Platinum 8175,2.5GHz,3,227.00119474313024
eu-west-3c,r5d.xlarge,0.0838,2024-02-18 07:01:28+00:00,19,Intel Xeon Platinum 8175,2.5GHz,0,226.73031026252983
ap-southeast-1c,c5.xlarge,0.0886,2024-02-18 07:31:27+00:00,20,Intel Xeon Platinum 8124M,,2,225.73363431151242
us-east-2a,z1d.xlarge,0.1021,2024-02-18 02:16:41+00:00,23,Intel Xeon Platinum 8151,4.0GHz,4,225.26934378060724
eu-west-3a,c5.xlarge,0.0889,2024-02-18 10:31:45+00:00,20,Intel Xeon Platinum 8124M,,0,224.97187851518558
us-west-2b,c4.xlarge,0.0714,2024-02-18 08:46:44+00:00,16,Intel Xeon E5-2666 v3 (Haswell),,0,224.0896358543417
eu-west-2b,m5.xlarge,0.0714,2024-02-18 08:16:40+00:00,16,Intel Xeon Platinum 8175,2.5GHz,4,224.0896358543417
us-east-2c,m5.xlarge,0.0715,2024-02-18 07:16:33+00:00,16,Intel Xeon Platinum 8175,2.5GHz,3,223.7762237762238
ap-northeast-2b,c5.xlarge,0.0895,2024-02-18 08:01:37+00:00,20,Intel Xeon Platinum 8124M,,2,223.46368715083798
ca-central-1a,c4.xlarge,0.0717,2024-02-18 09:16:26+00:00,16,Intel Xeon E5-2666 v3 (Haswell),,0,223.15202231520223
eu-west-2a,c5n.xlarge,0.0898,2024-02-18 08:46:40+00:00,20,Intel Xeon Platinum 8124M,,0,222.71714922048997
us-east-2b,m5.xlarge,0.0719,2024-02-18 11:46:37+00:00,16,Intel Xeon Platinum 8175,2.5GHz,3,222.53129346314324
us-west-2c,r5.xlarge,0.0856,2024-02-18 05:01:27+00:00,19,Intel Xeon Platinum 8175,2.5GHz,1,221.9626168224299
ap-southeast-2c,c5d.xlarge,0.0905,2024-02-18 12:01:11+00:00,20,Intel Xeon Platinum 8124M,,0,220.99447513812154
ap-southeast-1a,c4.xlarge,0.0724,2024-02-18 11:31:27+00:00,16,Intel Xeon E5-2666 v3 (Haswell),,0,220.99447513812152
ap-northeast-2a,m5.xlarge,0.0724,2024-02-17 15:02:29+00:00,16,Intel Xeon Platinum 8175,2.5GHz,3,220.99447513812152
ap-southeast-1a,c5d.xlarge,0.0906,2024-02-18 01:46:38+00:00,20,Intel Xeon Platinum 8124M,,1,220.7505518763797
ap-southeast-2c,c5.xlarge,0.0906,2024-02-18 06:46:04+00:00,20,Intel Xeon Platinum 8124M,,1,220.7505518763797
ap-northeast-2d,m5d.xlarge,0.0725,2024-02-17 22:32:29+00:00,16,Intel Xeon Platinum 8175,2.5GHz,0,220.6896551724138
us-east-2a,c5d.xlarge,0.0907,2024-02-18 07:17:14+00:00,20,Intel Xeon Platinum 8124M,,0,220.5071664829107
ap-southeast-2c,z1d.xlarge,0.1045,2024-02-18 03:16:38+00:00,23,Intel Xeon Platinum 8151,4.0GHz,4,220.0956937799043
us-west-2a,c4.xlarge,0.0727,2024-02-18 06:16:46+00:00,16,Intel Xeon E5-2666 v3 (Haswell),,0,220.08253094910592
us-west-1b,c5n.xlarge,0.091,2024-02-18 11:46:26+00:00,20,Intel Xeon Platinum 8124M,,0,219.7802197802198
eu-west-3a,r5.xlarge,0.0865,2024-02-18 11:46:34+00:00,19,Intel Xeon Platinum 8175,2.5GHz,1,219.65317919075147
ap-east-1a,m5.xlarge,0.0729,2024-02-18 08:30:53+00:00,16,Intel Xeon Platinum 8175,2.5GHz,0,219.4787379972565
ap-northeast-3c,c5.xlarge,0.0914,2024-02-18 07:16:30+00:00,20,Intel Xeon Platinum 8124M,,1,218.81838074398252
eu-west-2b,c5d.xlarge,0.0917,2024-02-18 09:01:54+00:00,20,Intel Xeon Platinum 8124M,,0,218.10250817884406
us-east-1a,c5d.xlarge,0.0917,2024-02-18 09:47:16+00:00,20,Intel Xeon Platinum 8124M,,0,218.10250817884406
ap-southeast-1a,c5.xlarge,0.092,2024-02-18 09:01:30+00:00,20,Intel Xeon Platinum 8124M,,2,217.3913043478261
ap-northeast-1d,c5.xlarge,0.0922,2024-02-18 03:46:09+00:00,20,Intel Xeon Platinum 8124M,,0,216.91973969631235
ap-south-1c,m5.xlarge,0.0738,2024-02-18 07:16:28+00:00,16,Intel Xeon Platinum 8175,2.5GHz,1,216.80216802168022
ap-south-1b,c5n.xlarge,0.0927,2024-02-18 08:01:39+00:00,20,Intel Xeon Platinum 8124M,,0,215.7497303128371
eu-north-1a,r5.xlarge,0.0881,2024-02-18 10:17:21+00:00,19,Intel Xeon Platinum 8175,2.5GHz,3,215.66401816118048
ap-southeast-1c,c4.xlarge,0.0742,2024-02-18 09:31:40+00:00,16,Intel Xeon E5-2666 v3 (Haswell),,0,215.63342318059298
ca-central-1b,m5.xlarge,0.0744,2024-02-18 11:31:27+00:00,16,Intel Xeon Platinum 8175,2.5GHz,4,215.05376344086022
ap-southeast-1b,c4.xlarge,0.0745,2024-02-18 07:16:25+00:00,16,Intel Xeon E5-2666 v3 (Haswell),,0,214.76510067114094
us-east-1f,m5.xlarge,0.0747,2024-02-18 07:17:18+00:00,16,Intel Xeon Platinum 8175,2.5GHz,2,214.190093708166
eu-central-1a,c5d.xlarge,0.0934,2024-02-18 07:31:23+00:00,20,Intel Xeon Platinum 8124M,,1,214.13276231263384
ap-northeast-3b,m5d.xlarge,0.075,2024-02-18 10:31:30+00:00,16,Intel Xeon Platinum 8175,2.5GHz,1,213.33333333333334
ap-southeast-2b,c5.xlarge,0.0938,2024-02-18 04:31:10+00:00,20,Intel Xeon Platinum 8124M,,1,213.21961620469085
eu-west-2c,c5n.xlarge,0.0941,2024-02-18 08:46:40+00:00,20,Intel Xeon Platinum 8124M,,0,212.53985122210415
ap-northeast-1a,c5n.xlarge,0.0942,2024-02-18 10:16:39+00:00,20,Intel Xeon Platinum 8124M,,0,212.31422505307853
us-east-2a,c5n.xlarge,0.0943,2024-02-18 10:46:33+00:00,20,Intel Xeon Platinum 8124M,,0,212.08907741251326
ca-central-1b,c5.xlarge,0.0943,2024-02-18 08:31:20+00:00,20,Intel Xeon Platinum 8124M,,4,212.08907741251326
eu-central-1b,m5.xlarge,0.0755,2024-02-18 10:01:12+00:00,16,Intel Xeon Platinum 8175,2.5GHz,3,211.9205298013245
eu-central-1b,c5d.xlarge,0.0944,2024-02-18 11:17:06+00:00,20,Intel Xeon Platinum 8124M,,1,211.864406779661
eu-west-3a,m5.xlarge,0.0756,2024-02-18 10:31:23+00:00,16,Intel Xeon Platinum 8175,2.5GHz,0,211.64021164021165
us-west-1b,r5.xlarge,0.09,2024-02-18 06:01:20+00:00,19,Intel Xeon Platinum 8175,2.5GHz,3,211.11111111111111
us-west-1a,c5n.xlarge,0.0948,2024-02-18 09:16:33+00:00,20,Intel Xeon Platinum 8124M,,0,210.9704641350211
us-east-1f,c5d.xlarge,0.0948,2024-02-18 11:17:15+00:00,20,Intel Xeon Platinum 8124M,,0,210.9704641350211
ap-northeast-1d,c5n.xlarge,0.0949,2024-02-18 12:01:30+00:00,20,Intel Xeon Platinum 8124M,,0,210.7481559536354
eu-central-1c,c5d.xlarge,0.0949,2024-02-18 00:46:24+00:00,20,Intel Xeon Platinum 8124M,,1,210.7481559536354
us-west-1b,z1d.xlarge,0.1093,2024-02-18 08:46:30+00:00,23,Intel Xeon Platinum 8151,4.0GHz,4,210.43000914913085
eu-west-3b,r5.xlarge,0.0906,2024-02-17 22:32:20+00:00,19,Intel Xeon Platinum 8175,2.5GHz,1,209.7130242825607
ap-east-1b,r5d.xlarge,0.0907,2024-02-18 09:01:38+00:00,19,Intel Xeon Platinum 8175,2.5GHz,0,209.48180815876515
us-east-1c,c5d.xlarge,0.0961,2024-02-18 07:48:43+00:00,20,Intel Xeon Platinum 8124M,,0,208.11654526534858
eu-west-1b,c5d.xlarge,0.0961,2024-02-18 12:01:24+00:00,20,Intel Xeon Platinum 8124M,,0,208.11654526534858
eu-west-2c,c5.xlarge,0.0965,2024-02-18 06:16:37+00:00,20,Intel Xeon Platinum 8124M,,2,207.2538860103627
eu-west-3b,c5d.xlarge,0.0966,2024-02-18 11:46:20+00:00,20,Intel Xeon Platinum 8124M,,0,207.03933747412006
us-west-2b,r5.xlarge,0.092,2024-02-18 07:47:17+00:00,19,Intel Xeon Platinum 8175,2.5GHz,1,206.52173913043478
eu-west-2b,c4.xlarge,0.0775,2024-02-18 12:02:23+00:00,16,Intel Xeon E5-2666 v3 (Haswell),,0,206.45161290322582
ap-southeast-1c,m5.xlarge,0.0775,2024-02-18 09:01:31+00:00,16,Intel Xeon Platinum 8175,2.5GHz,3,206.45161290322582
eu-west-2b,c5n.xlarge,0.0969,2024-02-18 06:32:13+00:00,20,Intel Xeon Platinum 8124M,,0,206.39834881320948
us-east-2c,c5n.xlarge,0.0969,2024-02-18 12:16:47+00:00,20,Intel Xeon Platinum 8124M,,0,206.39834881320948
ap-south-1b,c4.xlarge,0.0776,2024-02-18 11:31:22+00:00,16,Intel Xeon E5-2666 v3 (Haswell),,0,206.18556701030928
ap-northeast-1c,c5d.xlarge,0.0971,2024-02-18 05:31:32+00:00,20,Intel Xeon Platinum 8124M,,1,205.97322348094747
ap-south-1c,c5.xlarge,0.0971,2024-02-18 09:31:38+00:00,20,Intel Xeon Platinum 8124M,,1,205.97322348094747
ap-northeast-1c,c5n.xlarge,0.0973,2024-02-18 09:46:39+00:00,20,Intel Xeon Platinum 8124M,,0,205.54984583761563
ap-northeast-1a,c5d.xlarge,0.0973,2024-02-18 10:16:41+00:00,20,Intel Xeon Platinum 8124M,,1,205.54984583761563
us-west-2d,r5.xlarge,0.0926,2024-02-18 11:31:58+00:00,19,Intel Xeon Platinum 8175,2.5GHz,1,205.18358531317494
us-west-2a,r5.xlarge,0.0929,2024-02-18 08:32:01+00:00,19,Intel Xeon Platinum 8175,2.5GHz,1,204.52099031216363
us-east-1f,c4.xlarge,0.0783,2024-02-17 23:17:30+00:00,16,Intel Xeon E5-2666 v3 (Haswell),,0,204.34227330779055
eu-west-2c,z1d.xlarge,0.1128,2024-02-18 09:01:38+00:00,23,Intel Xeon Platinum 8151,4.0GHz,4,203.90070921985816
eu-west-2c,c4.xlarge,0.0789,2024-02-18 08:17:24+00:00,16,Intel Xeon E5-2666 v3 (Haswell),,0,202.78833967046896
eu-west-2a,c4.xlarge,0.0789,2024-02-18 09:16:26+00:00,16,Intel Xeon E5-2666 v3 (Haswell),,0,202.78833967046896
ap-northeast-1d,m5.xlarge,0.0789,2024-02-18 10:16:14+00:00,16,Intel Xeon Platinum 8175,2.5GHz,1,202.78833967046896
us-west-2b,z1d.xlarge,0.1136,2024-02-18 07:47:34+00:00,23,Intel Xeon Platinum 8151,4.0GHz,4,202.46478873239437
eu-north-1b,m5d.xlarge,0.0791,2024-02-18 06:46:46+00:00,16,Intel Xeon Platinum 8175,2.5GHz,0,202.275600505689
eu-west-3c,m5.xlarge,0.0792,2024-02-18 08:46:14+00:00,16,Intel Xeon Platinum 8175,2.5GHz,0,202.020202020202
eu-west-1c,c5d.xlarge,0.0996,2024-02-18 11:46:33+00:00,20,Intel Xeon Platinum 8124M,,0,200.80321285140565
us-east-1f,c5n.xlarge,0.0996,2024-02-18 12:17:34+00:00,20,Intel Xeon Platinum 8124M,,2,200.80321285140565
eu-west-2a,m5.xlarge,0.0799,2024-02-18 07:31:46+00:00,16,Intel Xeon Platinum 8175,2.5GHz,4,200.2503128911139
sa-east-1b,c5d.xlarge,0.0999,2024-02-18 03:31:30+00:00,20,Intel Xeon Platinum 8124M,,0,200.2002002002002
ap-northeast-1a,m5.xlarge,0.08,2024-02-17 17:01:14+00:00,16,Intel Xeon Platinum 8175,2.5GHz,1,200.0
us-east-2c,c4.xlarge,0.0802,2024-02-18 07:46:33+00:00,16,Intel Xeon E5-2666 v3 (Haswell),,0,199.50124688279303
us-east-1a,m5.xlarge,0.0802,2024-02-18 07:17:18+00:00,16,Intel Xeon Platinum 8175,2.5GHz,2,199.50124688279303
eu-west-2a,z1d.xlarge,0.1153,2024-02-18 11:01:31+00:00,23,Intel Xeon Platinum 8151,4.0GHz,4,199.479618386817
eu-west-3b,c5.xlarge,0.1003,2024-02-18 09:16:39+00:00,20,Intel Xeon Platinum 8124M,,0,199.40179461615153
us-east-2b,r5.xlarge,0.0955,2024-02-18 11:47:07+00:00,19,Intel Xeon Platinum 8175,2.5GHz,0,198.95287958115182
eu-west-1b,m5.xlarge,0.0806,2024-02-18 10:31:41+00:00,16,Intel Xeon Platinum 8175,2.5GHz,1,198.51116625310172
us-west-1a,m5.xlarge,0.0806,2024-02-18 11:31:30+00:00,16,Intel Xeon Platinum 8175,2.5GHz,1,198.51116625310172
us-east-1c,m5.xlarge,0.0809,2024-02-18 11:02:20+00:00,16,Intel Xeon Platinum 8175,2.5GHz,2,197.7750309023486
eu-north-1a,r5d.xlarge,0.0961,2024-02-18 09:47:24+00:00,19,Intel Xeon Platinum 8175,2.5GHz,1,197.71071800208117
us-east-1b,m5.xlarge,0.081,2024-02-18 07:17:18+00:00,16,Intel Xeon Platinum 8175,2.5GHz,2,197.53086419753086
ap-northeast-1a,r5.xlarge,0.0962,2024-02-18 08:46:40+00:00,19,Intel Xeon Platinum 8175,2.5GHz,3,197.50519750519751
ap-northeast-2c,r5.xlarge,0.0963,2024-02-18 09:46:46+00:00,19,Intel Xeon Platinum 8175,2.5GHz,3,197.30010384215993
us-east-1d,c5n.xlarge,0.1014,2024-02-18 07:02:43+00:00,20,Intel Xeon Platinum 8124M,,2,197.23865877712032
ca-central-1b,r5d.xlarge,0.0964,2024-02-18 06:01:40+00:00,19,Intel Xeon Platinum 8175,2.5GHz,0,197.0954356846473
eu-north-1b,r5d.xlarge,0.0964,2024-02-18 05:46:35+00:00,19,Intel Xeon Platinum 8175,2.5GHz,1,197.0954356846473
ap-northeast-1c,r5.xlarge,0.0966,2024-02-18 10:16:39+00:00,19,Intel Xeon Platinum 8175,2.5GHz,3,196.68737060041406
ap-southeast-2b,c5d.xlarge,0.1019,2024-02-18 09:16:30+00:00,20,Intel Xeon Platinum 8124M,,0,196.27085377821393
us-east-2b,c4.xlarge,0.0816,2024-02-18 03:46:33+00:00,16,Intel Xeon E5-2666 v3 (Haswell),,0,196.078431372549
ap-south-1a,m5.xlarge,0.0816,2024-02-18 12:16:28+00:00,16,Intel Xeon Platinum 8175,2.5GHz,1,196.078431372549
ap-south-1b,z1d.xlarge,0.1174,2024-02-18 10:31:41+00:00,23,Intel Xeon Platinum 8151,4.0GHz,4,195.9114139693356
us-west-2c,c5n.xlarge,0.1022,2024-02-17 18:47:20+00:00,20,Intel Xeon Platinum 8124M,,1,195.69471624266146
eu-central-1a,m5.xlarge,0.0819,2024-02-18 12:16:40+00:00,16,Intel Xeon Platinum 8175,2.5GHz,3,195.36019536019535
ap-southeast-2a,z1d.xlarge,0.1178,2024-02-18 12:01:23+00:00,23,Intel Xeon Platinum 8151,4.0GHz,4,195.24617996604414
ap-southeast-1a,m5.xlarge,0.082,2024-02-18 04:16:25+00:00,16,Intel Xeon Platinum 8175,2.5GHz,3,195.1219512195122
ap-southeast-1b,m5.xlarge,0.0821,2024-02-18 05:46:24+00:00,16,Intel Xeon Platinum 8175,2.5GHz,3,194.88428745432398
us-east-1d,c5d.xlarge,0.1027,2024-02-18 08:17:10+00:00,20,Intel Xeon Platinum 8124M,,0,194.74196689386562
us-west-1a,c3.xlarge,0.0722,2024-02-18 07:01:39+00:00,14,Intel Xeon E5-2680 v2 (Ivy Bridge),,0,193.90581717451522
eu-west-1b,c5n.xlarge,0.1033,2024-02-18 09:16:50+00:00,20,Intel Xeon Platinum 8124M,,0,193.61084220716359
eu-north-1c,r5d.xlarge,0.0982,2024-02-18 00:02:22+00:00,19,Intel Xeon Platinum 8175,2.5GHz,1,193.4826883910387
us-west-1a,r5.xlarge,0.0983,2024-02-18 09:16:25+00:00,19,Intel Xeon Platinum 8175,2.5GHz,3,193.28585961342827
us-west-2b,c3.xlarge,0.0726,2024-02-18 07:32:34+00:00,14,Intel Xeon E5-2680 v2 (Ivy Bridge),,2,192.8374655647383
us-east-2b,m5d.xlarge,0.083,2024-02-18 10:18:02+00:00,16,Intel Xeon Platinum 8175,2.5GHz,2,192.77108433734938
eu-west-3b,r5d.xlarge,0.0987,2024-02-18 04:01:28+00:00,19,Intel Xeon Platinum 8175,2.5GHz,0,192.50253292806485
us-west-2a,z1d.xlarge,0.1195,2024-02-18 06:47:35+00:00,23,Intel Xeon Platinum 8151,4.0GHz,4,192.46861924686192
ap-southeast-1c,c5d.xlarge,0.1042,2024-02-18 06:31:39+00:00,20,Intel Xeon Platinum 8124M,,1,191.93857965451056
ap-southeast-2c,m5.xlarge,0.0841,2024-02-18 10:45:59+00:00,16,Intel Xeon Platinum 8175,2.5GHz,1,190.2497027348395
ap-northeast-2d,r5.xlarge,0.1001,2024-02-18 05:32:36+00:00,19,Intel Xeon Platinum 8175,2.5GHz,3,189.81018981018983
ap-south-1a,r5.xlarge,0.1008,2024-02-18 02:16:36+00:00,19,Intel Xeon Platinum 8175,2.5GHz,0,188.4920634920635
eu-west-1c,m5.xlarge,0.0849,2024-02-18 10:16:41+00:00,16,Intel Xeon Platinum 8175,2.5GHz,1,188.4570082449941
ap-southeast-2a,c5d.xlarge,0.1063,2024-02-18 12:01:11+00:00,20,Intel Xeon Platinum 8124M,,0,188.1467544684854
eu-west-3a,c5n.xlarge,0.1064,2024-02-17 23:02:30+00:00,20,Intel Xeon Platinum 8124M,,1,187.9699248120301
us-east-2c,r5.xlarge,0.1011,2024-02-18 10:17:24+00:00,19,Intel Xeon Platinum 8175,2.5GHz,0,187.93273986152326
eu-north-1a,m5d.xlarge,0.0858,2024-02-18 09:16:30+00:00,16,Intel Xeon Platinum 8175,2.5GHz,0,186.4801864801865
ap-northeast-1d,c5d.xlarge,0.1073,2024-02-18 12:16:32+00:00,20,Intel Xeon Platinum 8124M,,1,186.3932898415657
ap-northeast-2b,r5.xlarge,0.102,2024-02-18 07:46:41+00:00,19,Intel Xeon Platinum 8175,2.5GHz,3,186.27450980392157
us-east-1e,c4.xlarge,0.0859,2024-02-18 09:32:35+00:00,16,Intel Xeon E5-2666 v3 (Haswell),,0,186.26309662398137
eu-west-1a,m5.xlarge,0.0859,2024-02-18 06:46:42+00:00,16,Intel Xeon Platinum 8175,2.5GHz,1,186.26309662398137
ap-northeast-1c,m5.xlarge,0.0863,2024-02-18 11:46:14+00:00,16,Intel Xeon Platinum 8175,2.5GHz,1,185.3997682502897
ap-east-1a,c5n.xlarge,0.1079,2024-02-18 10:00:49+00:00,20,Intel Xeon Platinum 8124M,,1,185.35681186283597
ca-central-1d,c5.xlarge,0.1081,2024-02-18 08:46:20+00:00,20,Intel Xeon Platinum 8124M,,4,185.01387604070305
us-east-1c,c5n.xlarge,0.1082,2024-02-18 04:02:42+00:00,20,Intel Xeon Platinum 8124M,,2,184.84288354898337
eu-west-2b,c5.xlarge,0.1084,2024-02-18 06:02:35+00:00,20,Intel Xeon Platinum 8124M,,2,184.50184501845018
eu-west-3a,r5d.xlarge,0.1031,2024-02-18 11:16:26+00:00,19,Intel Xeon Platinum 8175,2.5GHz,0,184.2870999030068
us-east-2a,r5.xlarge,0.1032,2024-02-18 08:16:36+00:00,19,Intel Xeon Platinum 8175,2.5GHz,0,184.10852713178295
ap-northeast-2a,r5.xlarge,0.1036,2024-02-17 22:16:41+00:00,19,Intel Xeon Platinum 8175,2.5GHz,3,183.3976833976834
us-west-2c,z1d.xlarge,0.1256,2024-02-18 02:02:43+00:00,23,Intel Xeon Platinum 8151,4.0GHz,4,183.12101910828028
us-west-1b,m5.xlarge,0.0874,2024-02-18 10:46:19+00:00,16,Intel Xeon Platinum 8175,2.5GHz,1,183.06636155606407
us-east-1b,c5d.xlarge,0.1094,2024-02-18 10:02:10+00:00,20,Intel Xeon Platinum 8124M,,0,182.81535648994517
eu-west-2b,z1d.xlarge,0.126,2024-02-18 08:16:38+00:00,23,Intel Xeon Platinum 8151,4.0GHz,4,182.53968253968253
eu-west-1a,c5d.xlarge,0.1098,2024-02-18 08:46:33+00:00,20,Intel Xeon Platinum 8124M,,0,182.14936247723134
us-west-2c,c4.xlarge,0.088,2024-02-18 08:01:48+00:00,16,Intel Xeon E5-2666 v3 (Haswell),,0,181.81818181818184
eu-west-1c,c4.xlarge,0.088,2024-02-18 11:46:33+00:00,16,Intel Xeon E5-2666 v3 (Haswell),,0,181.81818181818184
us-west-1b,c4.xlarge,0.0881,2024-02-18 07:16:26+00:00,16,Intel Xeon E5-2666 v3 (Haswell),,0,181.61180476730988
eu-central-1c,r5.xlarge,0.1048,2024-02-18 06:31:37+00:00,19,Intel Xeon Platinum 8175,2.5GHz,1,181.29770992366412
us-east-1a,c5n.xlarge,0.1105,2024-02-18 11:47:44+00:00,20,Intel Xeon Platinum 8124M,,2,180.99547511312218
ca-central-1d,r5d.xlarge,0.105,2024-02-18 09:17:05+00:00,19,Intel Xeon Platinum 8175,2.5GHz,0,180.95238095238096
us-east-1d,m5.xlarge,0.0887,2024-02-18 09:02:19+00:00,16,Intel Xeon Platinum 8175,2.5GHz,2,180.38331454340474
us-west-1a,c4.xlarge,0.0888,2024-02-18 07:31:34+00:00,16,Intel Xeon E5-2666 v3 (Haswell),,0,180.18018018018017
ap-southeast-2c,c5n.xlarge,0.1113,2024-02-18 05:16:34+00:00,20,Intel Xeon Platinum 8124M,,1,179.69451931716083
us-west-2d,r5d.xlarge,0.1061,2024-02-18 07:31:45+00:00,19,Intel Xeon Platinum 8175,2.5GHz,2,179.07634307257305
sa-east-1b,c5n.xlarge,0.1118,2024-02-18 09:46:25+00:00,20,Intel Xeon Platinum 8124M,,1,178.89087656529517
ap-east-1a,r5d.xlarge,0.1063,2024-02-18 05:01:31+00:00,19,Intel Xeon Platinum 8175,2.5GHz,0,178.73941674506113
eu-west-2c,r5.xlarge,0.1063,2024-02-18 09:16:35+00:00,19,Intel Xeon Platinum 8175,2.5GHz,2,178.73941674506113
eu-west-2b,r5.xlarge,0.1063,2024-02-18 09:31:37+00:00,19,Intel Xeon Platinum 8175,2.5GHz,2,178.73941674506113
us-east-1a,c4.xlarge,0.0904,2024-02-18 06:47:30+00:00,16,Intel Xeon E5-2666 v3 (Haswell),,0,176.99115044247787
ap-northeast-1c,c4.xlarge,0.0904,2024-02-18 11:01:27+00:00,16,Intel Xeon E5-2666 v3 (Haswell),,0,176.99115044247787
ap-northeast-1d,r5d.xlarge,0.1077,2024-02-18 03:31:02+00:00,19,Intel Xeon Platinum 8175,2.5GHz,1,176.4159702878366
eu-west-1a,c5n.xlarge,0.1135,2024-02-18 11:31:38+00:00,20,Intel Xeon Platinum 8124M,,0,176.21145374449338
us-east-1b,c4.xlarge,0.0912,2024-02-18 09:02:30+00:00,16,Intel Xeon E5-2666 v3 (Haswell),,0,175.43859649122805
eu-west-1c,c5n.xlarge,0.114,2024-02-18 10:16:59+00:00,20,Intel Xeon Platinum 8124M,,0,175.43859649122805
us-east-1d,c4.xlarge,0.0914,2024-02-18 09:17:00+00:00,16,Intel Xeon E5-2666 v3 (Haswell),,0,175.054704595186
us-west-2a,c3.xlarge,0.08,2024-02-17 22:32:05+00:00,14,Intel Xeon E5-2680 v2 (Ivy Bridge),,2,175.0
ap-southeast-2b,r5.xlarge,0.1087,2024-02-18 01:46:07+00:00,19,Intel Xeon Platinum 8175,2.5GHz,1,174.7930082796688
ca-central-1b,r5.xlarge,0.1087,2024-02-18 09:31:24+00:00,19,Intel Xeon Platinum 8175,2.5GHz,1,174.7930082796688
ap-northeast-2c,r5d.xlarge,0.1089,2024-02-18 11:01:27+00:00,19,Intel Xeon Platinum 8175,2.5GHz,4,174.47199265381084
ap-southeast-2a,c5.xlarge,0.115,2024-02-18 09:16:26+00:00,20,Intel Xeon Platinum 8124M,,1,173.91304347826087
ap-southeast-1b,r5.xlarge,0.1093,2024-02-18 08:31:26+00:00,19,Intel Xeon Platinum 8175,2.5GHz,1,173.8334858188472
eu-west-3c,m5d.xlarge,0.0921,2024-02-18 10:16:37+00:00,16,Intel Xeon Platinum 8175,2.5GHz,0,173.7242128121607
eu-west-3b,c5n.xlarge,0.1152,2024-02-18 07:02:26+00:00,20,Intel Xeon Platinum 8124M,,1,173.61111111111111
us-east-1f,r5.xlarge,0.1097,2024-02-18 09:02:22+00:00,19,Intel Xeon Platinum 8175,2.5GHz,1,173.19963536918868
eu-central-1c,c5n.xlarge,0.1155,2024-02-18 11:02:15+00:00,20,Intel Xeon Platinum 8124M,,0,173.16017316017314
us-east-1b,r5.xlarge,0.1098,2024-02-18 08:32:22+00:00,19,Intel Xeon Platinum 8175,2.5GHz,1,173.04189435336977
sa-east-1a,r5.xlarge,0.1098,2024-02-18 11:15:58+00:00,19,Intel Xeon Platinum 8175,2.5GHz,1,173.04189435336977
ap-south-1b,r5.xlarge,0.1099,2024-02-18 00:01:24+00:00,19,Intel Xeon Platinum 8175,2.5GHz,0,172.88444040036396
ap-northeast-1a,c4.xlarge,0.0926,2024-02-18 08:01:28+00:00,16,Intel Xeon E5-2666 v3 (Haswell),,0,172.78617710583154
eu-west-1b,c4.xlarge,0.0926,2024-02-18 10:46:42+00:00,16,Intel Xeon E5-2666 v3 (Haswell),,0,172.78617710583154
ap-southeast-2c,r5.xlarge,0.1103,2024-02-18 01:00:58+00:00,19,Intel Xeon Platinum 8175,2.5GHz,1,172.25747960108794
ap-northeast-2c,m5d.xlarge,0.0929,2024-02-18 05:47:18+00:00,16,Intel Xeon Platinum 8175,2.5GHz,0,172.2282023681378
ap-southeast-2b,m5.xlarge,0.093,2024-02-18 07:30:51+00:00,16,Intel Xeon Platinum 8175,2.5GHz,1,172.04301075268816
ap-southeast-2a,m5.xlarge,0.0931,2024-02-18 12:00:48+00:00,16,Intel Xeon Platinum 8175,2.5GHz,1,171.8582169709989
ap-southeast-1b,z1d.xlarge,0.1339,2024-02-18 05:01:29+00:00,23,Intel Xeon Platinum 8151,4.0GHz,4,171.76997759522033
ap-southeast-2c,c4.xlarge,0.0932,2024-02-18 07:46:23+00:00,16,Intel Xeon E5-2666 v3 (Haswell),,0,171.67381974248926
us-east-1c,r5.xlarge,0.111,2024-02-18 08:16:53+00:00,19,Intel Xeon Platinum 8175,2.5GHz,1,171.17117117117118
eu-west-1a,r5.xlarge,0.1118,2024-02-18 08:16:36+00:00,19,Intel Xeon Platinum 8175,2.5GHz,0,169.94633273703042
eu-central-1a,r5.xlarge,0.1119,2024-02-18 01:46:30+00:00,19,Intel Xeon Platinum 8175,2.5GHz,1,169.79445933869528
ap-northeast-2a,r5d.xlarge,0.112,2024-02-18 09:46:30+00:00,19,Intel Xeon Platinum 8175,2.5GHz,4,169.64285714285714
ap-northeast-2a,m5d.xlarge,0.0944,2024-02-18 11:32:15+00:00,16,Intel Xeon Platinum 8175,2.5GHz,0,169.49152542372883
ap-south-1a,c5n.xlarge,0.118,2024-02-18 06:16:28+00:00,20,Intel Xeon Platinum 8124M,,0,169.49152542372883
sa-east-1a,c5d.xlarge,0.1182,2024-02-18 07:47:01+00:00,20,Intel Xeon Platinum 8124M,,0,169.20473773265653
us-east-1d,r5.xlarge,0.1124,2024-02-18 05:01:53+00:00,19,Intel Xeon Platinum 8175,2.5GHz,1,169.0391459074733
ca-central-1a,r5d.xlarge,0.1127,2024-02-18 10:32:08+00:00,19,Intel Xeon Platinum 8175,2.5GHz,0,168.58917480035493
ap-northeast-1d,c4.xlarge,0.095,2024-02-18 07:16:23+00:00,16,Intel Xeon E5-2666 v3 (Haswell),,0,168.42105263157896
ap-east-1b,c5n.xlarge,0.1188,2024-02-18 11:01:40+00:00,20,Intel Xeon Platinum 8124M,,1,168.35016835016836
us-east-1a,r5.xlarge,0.113,2024-02-18 08:47:22+00:00,19,Intel Xeon Platinum 8175,2.5GHz,1,168.141592920354
sa-east-1c,c5d.xlarge,0.119,2024-02-18 09:46:40+00:00,20,Intel Xeon Platinum 8124M,,0,168.0672268907563
us-west-2c,m5d.xlarge,0.0956,2024-02-18 08:17:29+00:00,16,Intel Xeon Platinum 8175,2.5GHz,1,167.36401673640165
ap-south-1b,m5.xlarge,0.0957,2024-02-18 09:46:30+00:00,16,Intel Xeon Platinum 8175,2.5GHz,1,167.1891327063741
eu-west-1a,c4.xlarge,0.0958,2024-02-18 11:46:33+00:00,16,Intel Xeon E5-2666 v3 (Haswell),,0,167.01461377870564
us-east-2a,c4.xlarge,0.0961,2024-02-18 09:31:29+00:00,16,Intel Xeon E5-2666 v3 (Haswell),,0,166.49323621227887
us-west-2d,c5n.xlarge,0.1202,2024-02-18 07:47:07+00:00,20,Intel Xeon Platinum 8124M,,1,166.38935108153078
us-west-2c,r5d.xlarge,0.1142,2024-02-18 05:16:41+00:00,19,Intel Xeon Platinum 8175,2.5GHz,2,166.37478108581436
ca-central-1a,m5d.xlarge,0.0962,2024-02-18 06:46:35+00:00,16,Intel Xeon Platinum 8175,2.5GHz,0,166.32016632016632
us-east-2a,r5d.xlarge,0.1144,2024-02-18 05:46:14+00:00,19,Intel Xeon Platinum 8175,2.5GHz,0,166.08391608391608
ap-south-1a,z1d.xlarge,0.1385,2024-02-18 04:31:39+00:00,23,Intel Xeon Platinum 8151,4.0GHz,4,166.06498194945846
eu-west-1c,r5.xlarge,0.1147,2024-02-18 10:01:35+00:00,19,Intel Xeon Platinum 8175,2.5GHz,0,165.64952048823017
eu-central-1b,c5n.xlarge,0.1211,2024-02-18 06:31:24+00:00,20,Intel Xeon Platinum 8124M,,0,165.15276630883568
ap-northeast-1a,c3.xlarge,0.0849,2024-02-18 10:01:29+00:00,14,Intel Xeon E5-2680 v2 (Ivy Bridge),,0,164.89988221436985
us-east-2a,m5d.xlarge,0.0971,2024-02-18 11:31:33+00:00,16,Intel Xeon Platinum 8175,2.5GHz,2,164.77857878475797
sa-east-1a,m5.xlarge,0.0974,2024-02-18 07:16:22+00:00,16,Intel Xeon Platinum 8175,2.5GHz,1,164.2710472279261
ca-central-1b,m5d.xlarge,0.0975,2024-02-18 04:31:49+00:00,16,Intel Xeon Platinum 8175,2.5GHz,0,164.1025641025641
eu-west-2a,r5.xlarge,0.1161,2024-02-18 09:01:25+00:00,19,Intel Xeon Platinum 8175,2.5GHz,2,163.6520241171404
us-west-2b,r5d.xlarge,0.1162,2024-02-18 07:02:06+00:00,19,Intel Xeon Platinum 8175,2.5GHz,2,163.51118760757316
ap-southeast-1a,c5n.xlarge,0.1226,2024-02-18 08:16:22+00:00,20,Intel Xeon Platinum 8124M,,1,163.1321370309951
eu-central-1a,c5n.xlarge,0.123,2024-02-18 04:01:24+00:00,20,Intel Xeon Platinum 8124M,,0,162.60162601626016
us-west-2c,c3.xlarge,0.0864,2024-02-18 07:32:34+00:00,14,Intel Xeon E5-2680 v2 (Ivy Bridge),,2,162.03703703703704
ca-central-1a,r5.xlarge,0.1176,2024-02-18 11:32:14+00:00,19,Intel Xeon Platinum 8175,2.5GHz,1,161.56462585034015
ap-southeast-1c,m5d.xlarge,0.0991,2024-02-18 06:31:20+00:00,16,Intel Xeon Platinum 8175,2.5GHz,1,161.45307769929366
ap-northeast-1c,c3.xlarge,0.0869,2024-02-18 07:46:27+00:00,14,Intel Xeon E5-2680 v2 (Ivy Bridge),,0,161.10471806674337
ca-central-1d,r5.xlarge,0.118,2024-02-18 10:46:24+00:00,19,Intel Xeon Platinum 8175,2.5GHz,1,161.0169491525424
ap-south-1c,m5d.xlarge,0.0995,2024-02-18 09:31:26+00:00,16,Intel Xeon Platinum 8175,2.5GHz,0,160.8040201005025
eu-central-1b,r5.xlarge,0.1184,2024-02-18 10:01:29+00:00,19,Intel Xeon Platinum 8175,2.5GHz,1,160.47297297297297
sa-east-1a,c5n.xlarge,0.1247,2024-02-18 10:45:54+00:00,20,Intel Xeon Platinum 8124M,,1,160.38492381716117
us-east-1f,z1d.xlarge,0.1446,2024-02-18 09:32:28+00:00,23,Intel Xeon Platinum 8151,4.0GHz,4,159.0594744121715
eu-west-3a,m5d.xlarge,0.1008,2024-02-18 12:16:52+00:00,16,Intel Xeon Platinum 8175,2.5GHz,0,158.73015873015873
eu-central-1c,c4.xlarge,0.101,2024-02-18 06:46:50+00:00,16,Intel Xeon E5-2666 v3 (Haswell),,0,158.41584158415841
ap-northeast-1d,m5d.xlarge,0.1016,2024-02-18 08:01:13+00:00,16,Intel Xeon Platinum 8175,2.5GHz,0,157.48031496062993
ap-east-1c,m5d.xlarge,0.102,2024-02-18 11:31:23+00:00,16,Intel Xeon Platinum 8175,2.5GHz,0,156.86274509803923
us-west-2d,m5d.xlarge,0.102,2024-02-18 09:32:22+00:00,16,Intel Xeon Platinum 8175,2.5GHz,1,156.86274509803923
ap-south-1a,c4.xlarge,0.1021,2024-02-18 12:01:19+00:00,16,Intel Xeon E5-2666 v3 (Haswell),,0,156.70910871694417
ap-southeast-1c,r5.xlarge,0.1216,2024-02-18 09:31:21+00:00,19,Intel Xeon Platinum 8175,2.5GHz,1,156.25
ap-southeast-1b,c3.xlarge,0.0898,2024-02-18 10:31:48+00:00,14,Intel Xeon E5-2680 v2 (Ivy Bridge),,0,155.90200445434297
ap-southeast-2a,c4.xlarge,0.1032,2024-02-18 09:45:48+00:00,16,Intel Xeon E5-2666 v3 (Haswell),,0,155.03875968992247
ap-southeast-1c,c5n.xlarge,0.1291,2024-02-18 11:47:05+00:00,20,Intel Xeon Platinum 8124M,,1,154.91866769945779
ap-southeast-1a,c3.xlarge,0.0904,2024-02-18 02:46:32+00:00,14,Intel Xeon E5-2680 v2 (Ivy Bridge),,0,154.86725663716814
eu-central-1b,c4.xlarge,0.1034,2024-02-18 07:46:51+00:00,16,Intel Xeon E5-2666 v3 (Haswell),,0,154.73887814313346
us-east-2b,r5d.xlarge,0.1228,2024-02-18 11:17:34+00:00,19,Intel Xeon Platinum 8175,2.5GHz,0,154.7231270358306
us-west-1a,r5d.xlarge,0.1231,2024-02-18 10:46:46+00:00,19,Intel Xeon Platinum 8175,2.5GHz,2,154.34606011372867
ap-east-1a,m5d.xlarge,0.1037,2024-02-18 06:16:22+00:00,16,Intel Xeon Platinum 8175,2.5GHz,0,154.29122468659594
ca-central-1d,m5d.xlarge,0.1041,2024-02-18 06:01:41+00:00,16,Intel Xeon Platinum 8175,2.5GHz,0,153.6983669548511
eu-central-1a,c4.xlarge,0.1043,2024-02-18 07:46:51+00:00,16,Intel Xeon E5-2666 v3 (Haswell),,0,153.40364333652923
us-west-2a,m5d.xlarge,0.1043,2024-02-18 08:47:29+00:00,16,Intel Xeon Platinum 8175,2.5GHz,1,153.40364333652923
us-west-1a,m5d.xlarge,0.1047,2024-02-17 23:02:18+00:00,16,Intel Xeon Platinum 8175,2.5GHz,0,152.8175740210124
eu-west-1c,z1d.xlarge,0.1507,2024-02-18 07:46:32+00:00,23,Intel Xeon Platinum 8151,4.0GHz,4,152.62110152621102
us-east-2c,r5d.xlarge,0.1245,2024-02-18 11:17:34+00:00,19,Intel Xeon Platinum 8175,2.5GHz,0,152.61044176706827
ap-south-1b,m5d.xlarge,0.1049,2024-02-18 11:02:11+00:00,16,Intel Xeon Platinum 8175,2.5GHz,0,152.5262154432793
eu-central-1a,z1d.xlarge,0.1514,2024-02-18 04:47:14+00:00,23,Intel Xeon Platinum 8151,4.0GHz,4,151.91545574636723
ap-southeast-2b,c5n.xlarge,0.1318,2024-02-18 04:16:26+00:00,20,Intel Xeon Platinum 8124M,,1,151.74506828528072
us-east-1b,c5n.xlarge,0.1321,2024-02-18 10:32:40+00:00,20,Intel Xeon Platinum 8124M,,2,151.4004542013626
eu-west-1b,r5.xlarge,0.1257,2024-02-18 06:16:36+00:00,19,Intel Xeon Platinum 8175,2.5GHz,0,151.15354017501988
ap-southeast-2b,c4.xlarge,0.1059,2024-02-18 12:15:59+00:00,16,Intel Xeon E5-2666 v3 (Haswell),,0,151.08593012275733
eu-west-3b,m5d.xlarge,0.1061,2024-02-18 09:32:19+00:00,16,Intel Xeon Platinum 8175,2.5GHz,0,150.80113100848257
us-east-2c,m5d.xlarge,0.1061,2024-02-18 10:31:53+00:00,16,Intel Xeon Platinum 8175,2.5GHz,2,150.80113100848257
eu-central-1a,r5d.xlarge,0.1263,2024-02-18 11:31:42+00:00,19,Intel Xeon Platinum 8175,2.5GHz,3,150.43547110055425
eu-central-1a,m5d.xlarge,0.1064,2024-02-18 09:47:27+00:00,16,Intel Xeon Platinum 8175,2.5GHz,1,150.37593984962407
ap-south-1a,m5d.xlarge,0.1066,2024-02-18 06:00:43+00:00,16,Intel Xeon Platinum 8175,2.5GHz,0,150.093808630394
eu-central-1c,m5d.xlarge,0.1067,2024-02-18 12:01:46+00:00,16,Intel Xeon Platinum 8175,2.5GHz,1,149.95313964386128
ap-southeast-1b,c5n.xlarge,0.1336,2024-02-18 11:47:05+00:00,20,Intel Xeon Platinum 8124M,,1,149.7005988023952
ap-southeast-1a,r5.xlarge,0.1275,2024-02-18 11:46:21+00:00,19,Intel Xeon Platinum 8175,2.5GHz,1,149.01960784313727
sa-east-1c,r5d.xlarge,0.1281,2024-02-18 10:16:35+00:00,19,Intel Xeon Platinum 8175,2.5GHz,0,148.3216237314598
ap-southeast-1c,z1d.xlarge,0.1554,2024-02-18 08:31:18+00:00,23,Intel Xeon Platinum 8151,4.0GHz,4,148.005148005148
ap-southeast-1a,z1d.xlarge,0.1555,2024-02-18 09:02:18+00:00,23,Intel Xeon Platinum 8151,4.0GHz,4,147.90996784565917
eu-central-1c,r5d.xlarge,0.1286,2024-02-18 10:01:12+00:00,19,Intel Xeon Platinum 8175,2.5GHz,3,147.74494556765165
sa-east-1b,m5.xlarge,0.109,2024-02-18 12:01:10+00:00,16,Intel Xeon Platinum 8175,2.5GHz,1,146.78899082568807
ap-northeast-2b,m5d.xlarge,0.1093,2024-02-18 02:17:27+00:00,16,Intel Xeon Platinum 8175,2.5GHz,0,146.3860933211345
us-west-2b,m5d.xlarge,0.1093,2024-02-18 02:17:08+00:00,16,Intel Xeon Platinum 8175,2.5GHz,1,146.3860933211345
eu-central-1b,m5d.xlarge,0.1098,2024-02-18 09:47:27+00:00,16,Intel Xeon Platinum 8175,2.5GHz,1,145.71948998178507
sa-east-1c,r5.xlarge,0.1305,2024-02-18 09:46:00+00:00,19,Intel Xeon Platinum 8175,2.5GHz,1,145.59386973180077
ap-south-1c,r5d.xlarge,0.1306,2024-02-18 08:32:05+00:00,19,Intel Xeon Platinum 8175,2.5GHz,0,145.48238897396632
ap-south-1c,r5.xlarge,0.1307,2024-02-17 19:46:29+00:00,19,Intel Xeon Platinum 8175,2.5GHz,0,145.3710788064269
eu-central-1b,c3.xlarge,0.0964,2024-02-18 10:16:31+00:00,14,Intel Xeon E5-2680 v2 (Ivy Bridge),,0,145.22821576763485
ap-south-1b,r5d.xlarge,0.1311,2024-02-18 12:01:40+00:00,19,Intel Xeon Platinum 8175,2.5GHz,0,144.92753623188406
us-east-1a,z1d.xlarge,0.1588,2024-02-18 08:32:34+00:00,23,Intel Xeon Platinum 8151,4.0GHz,4,144.83627204030228
eu-central-1a,c3.xlarge,0.0967,2024-02-18 04:47:24+00:00,14,Intel Xeon E5-2680 v2 (Ivy Bridge),,0,144.77766287487074
sa-east-1c,c5n.xlarge,0.1382,2024-02-18 04:31:27+00:00,20,Intel Xeon Platinum 8124M,,1,144.71780028943562
ap-south-1a,r5d.xlarge,0.1314,2024-02-18 10:16:56+00:00,19,Intel Xeon Platinum 8175,2.5GHz,0,144.59665144596653
eu-west-1a,z1d.xlarge,0.1595,2024-02-18 10:01:40+00:00,23,Intel Xeon Platinum 8151,4.0GHz,4,144.20062695924764
ap-southeast-2a,c3.xlarge,0.0972,2024-02-18 02:01:18+00:00,14,Intel Xeon E5-2680 v2 (Ivy Bridge),,0,144.0329218106996
eu-central-1c,z1d.xlarge,0.1599,2024-02-18 10:31:43+00:00,23,Intel Xeon Platinum 8151,4.0GHz,4,143.83989993746093
us-east-1c,c4.xlarge,0.1114,2024-02-18 04:31:59+00:00,16,Intel Xeon E5-2666 v3 (Haswell),,0,143.6265709156194
ap-southeast-2b,c3.xlarge,0.0976,2024-02-18 08:16:28+00:00,14,Intel Xeon E5-2680 v2 (Ivy Bridge),,0,143.44262295081967
ap-southeast-2b,r5d.xlarge,0.1325,2024-02-18 07:31:50+00:00,19,Intel Xeon Platinum 8175,2.5GHz,0,143.39622641509433
us-east-1d,z1d.xlarge,0.1604,2024-02-18 07:49:46+00:00,23,Intel Xeon Platinum 8151,4.0GHz,4,143.3915211970075
eu-west-2b,m5d.xlarge,0.1116,2024-02-18 04:32:26+00:00,16,Intel Xeon Platinum 8175,2.5GHz,1,143.36917562724014
ap-southeast-2a,r5.xlarge,0.1329,2024-02-18 11:31:19+00:00,19,Intel Xeon Platinum 8175,2.5GHz,1,142.96463506395787
us-west-2a,r5d.xlarge,0.133,2024-02-18 09:02:09+00:00,19,Intel Xeon Platinum 8175,2.5GHz,2,142.85714285714286
sa-east-1c,m5.xlarge,0.1122,2024-02-18 12:01:10+00:00,16,Intel Xeon Platinum 8175,2.5GHz,1,142.60249554367203
eu-central-1b,r5d.xlarge,0.1336,2024-02-18 10:01:12+00:00,19,Intel Xeon Platinum 8175,2.5GHz,3,142.21556886227546
sa-east-1a,c3.xlarge,0.0986,2024-02-18 11:46:38+00:00,14,Intel Xeon E5-2680 v2 (Ivy Bridge),,4,141.98782961460446
ap-southeast-2c,r5d.xlarge,0.1339,2024-02-18 11:31:52+00:00,19,Intel Xeon Platinum 8175,2.5GHz,0,141.89693801344288
ap-southeast-1c,r5d.xlarge,0.1345,2024-02-18 07:31:58+00:00,19,Intel Xeon Platinum 8175,2.5GHz,1,141.26394052044608
ap-northeast-1c,r5d.xlarge,0.135,2024-02-18 08:16:59+00:00,19,Intel Xeon Platinum 8175,2.5GHz,1,140.74074074074073
us-east-1f,m5d.xlarge,0.1139,2024-02-18 10:47:10+00:00,16,Intel Xeon Platinum 8175,2.5GHz,1,140.4741000877963
us-west-2d,c5d.xlarge,0.1425,2024-02-18 12:01:46+00:00,20,Intel Xeon Platinum 8124M,,0,140.35087719298247
ap-southeast-2c,c3.xlarge,0.1012,2024-02-18 10:16:29+00:00,14,Intel Xeon E5-2680 v2 (Ivy Bridge),,0,138.3399209486166
ap-southeast-2a,c5n.xlarge,0.1446,2024-02-18 11:16:27+00:00,20,Intel Xeon Platinum 8124M,,1,138.31258644536652
sa-east-1a,r5d.xlarge,0.1374,2024-02-18 05:16:42+00:00,19,Intel Xeon Platinum 8175,2.5GHz,0,138.28238719068415
us-east-1d,c3.xlarge,0.1014,2024-02-18 06:17:52+00:00,14,Intel Xeon E5-2680 v2 (Ivy Bridge),,0,138.0670611439842
us-west-1b,m5d.xlarge,0.1161,2024-02-18 02:16:10+00:00,16,Intel Xeon Platinum 8175,2.5GHz,0,137.81223083548664
us-east-1a,m5d.xlarge,0.1162,2024-02-18 09:02:09+00:00,16,Intel Xeon Platinum 8175,2.5GHz,1,137.69363166953528
ap-northeast-2b,r5d.xlarge,0.1384,2024-02-18 11:01:27+00:00,19,Intel Xeon Platinum 8175,2.5GHz,4,137.28323699421966
ap-southeast-1a,m5d.xlarge,0.1166,2024-02-18 11:46:31+00:00,16,Intel Xeon Platinum 8175,2.5GHz,1,137.221269296741
eu-west-1a,r5d.xlarge,0.1387,2024-02-18 11:02:14+00:00,19,Intel Xeon Platinum 8175,2.5GHz,0,136.986301369863
eu-north-1c,m5d.xlarge,0.1171,2024-02-18 09:31:30+00:00,16,Intel Xeon Platinum 8175,2.5GHz,0,136.63535439795046
us-east-1e,c3.xlarge,0.1031,2024-02-18 11:47:20+00:00,14,Intel Xeon E5-2680 v2 (Ivy Bridge),,0,135.79049466537342
sa-east-1b,r5d.xlarge,0.1402,2024-02-18 06:01:19+00:00,19,Intel Xeon Platinum 8175,2.5GHz,0,135.5206847360913
us-east-1c,m5d.xlarge,0.1183,2024-02-18 06:02:17+00:00,16,Intel Xeon Platinum 8175,2.5GHz,1,135.2493660185968
ap-northeast-1a,r5d.xlarge,0.1406,2024-02-18 08:45:56+00:00,19,Intel Xeon Platinum 8175,2.5GHz,1,135.13513513513513
eu-west-2a,m5d.xlarge,0.1191,2024-02-18 09:31:37+00:00,16,Intel Xeon Platinum 8175,2.5GHz,1,134.34089000839631
ap-east-1b,m5d.xlarge,0.1192,2024-02-18 07:16:33+00:00,16,Intel Xeon Platinum 8175,2.5GHz,0,134.2281879194631
eu-west-1b,z1d.xlarge,0.1714,2024-02-18 08:01:35+00:00,23,Intel Xeon Platinum 8151,4.0GHz,4,134.18903150525088
us-east-1d,m5d.xlarge,0.1206,2024-02-18 11:47:18+00:00,16,Intel Xeon Platinum 8175,2.5GHz,1,132.66998341625208
us-east-1c,z1d.xlarge,0.1746,2024-02-18 05:02:44+00:00,23,Intel Xeon Platinum 8151,4.0GHz,4,131.72966781214203
eu-west-2c,m5d.xlarge,0.1217,2024-02-18 09:31:37+00:00,16,Intel Xeon Platinum 8175,2.5GHz,1,131.4708299096138
ap-southeast-2b,z1d.xlarge,0.1758,2024-02-18 07:31:27+00:00,23,Intel Xeon Platinum 8151,4.0GHz,4,130.83048919226394
us-east-1d,r5d.xlarge,0.1456,2024-02-18 07:17:18+00:00,19,Intel Xeon Platinum 8175,2.5GHz,0,130.4945054945055
eu-west-1c,c3.xlarge,0.1078,2024-02-18 10:46:38+00:00,14,Intel Xeon E5-2680 v2 (Ivy Bridge),,0,129.87012987012986
ap-northeast-2c,c4.xlarge,0.1238,2024-02-18 08:47:30+00:00,16,Intel Xeon E5-2666 v3 (Haswell),,3,129.24071082390955
eu-west-1c,r5d.xlarge,0.1482,2024-02-18 07:31:28+00:00,19,Intel Xeon Platinum 8175,2.5GHz,0,128.2051282051282
ap-southeast-1b,r5d.xlarge,0.1486,2024-02-18 08:16:31+00:00,19,Intel Xeon Platinum 8175,2.5GHz,1,127.8600269179004
sa-east-1c,c4.xlarge,0.1253,2024-02-18 07:01:26+00:00,16,Intel Xeon E5-2666 v3 (Haswell),,1,127.69353551476458
us-east-1c,r5d.xlarge,0.1489,2024-02-18 08:02:19+00:00,19,Intel Xeon Platinum 8175,2.5GHz,0,127.60241773002015
ap-northeast-2a,c4.xlarge,0.1258,2024-02-18 04:31:55+00:00,16,Intel Xeon E5-2666 v3 (Haswell),,3,127.18600953895071
ap-southeast-2c,m5d.xlarge,0.1259,2024-02-18 08:45:58+00:00,16,Intel Xeon Platinum 8175,2.5GHz,0,127.08498808578236
ap-northeast-1a,m5d.xlarge,0.1263,2024-02-18 10:30:44+00:00,16,Intel Xeon Platinum 8175,2.5GHz,0,126.6825019794141
eu-west-1a,m5d.xlarge,0.1268,2024-02-18 08:01:41+00:00,16,Intel Xeon Platinum 8175,2.5GHz,1,126.18296529968454
ap-southeast-1b,m5d.xlarge,0.128,2024-02-18 06:31:20+00:00,16,Intel Xeon Platinum 8175,2.5GHz,1,125.0
ap-southeast-1a,r5d.xlarge,0.1527,2024-02-18 07:46:28+00:00,19,Intel Xeon Platinum 8175,2.5GHz,1,124.42698100851342
us-east-1b,m5d.xlarge,0.1291,2024-02-18 06:47:10+00:00,16,Intel Xeon Platinum 8175,2.5GHz,1,123.93493415956624
sa-east-1a,c5.xlarge,0.1619,2024-02-17 14:46:02+00:00,20,Intel Xeon Platinum 8124M,,2,123.53304508956147
sa-east-1c,c3.xlarge,0.1136,2024-02-18 07:16:19+00:00,14,Intel Xeon E5-2680 v2 (Ivy Bridge),,4,123.2394366197183
eu-central-1b,z1d.xlarge,0.1868,2024-02-18 01:31:28+00:00,23,Intel Xeon Platinum 8151,4.0GHz,4,123.12633832976447
ap-southeast-2a,m5d.xlarge,0.1309,2024-02-18 05:16:12+00:00,16,Intel Xeon Platinum 8175,2.5GHz,0,122.2307104660046
ap-northeast-1c,m5d.xlarge,0.1313,2024-02-18 07:16:24+00:00,16,Intel Xeon Platinum 8175,2.5GHz,0,121.85833968012186
us-east-1f,r5d.xlarge,0.1565,2024-02-18 10:47:37+00:00,19,Intel Xeon Platinum 8175,2.5GHz,0,121.40575079872204
sa-east-1a,c4.xlarge,0.1318,2024-02-18 04:26:42+00:00,16,Intel Xeon E5-2666 v3 (Haswell),,1,121.39605462822458
eu-west-1b,c3.xlarge,0.1169,2024-02-18 03:16:49+00:00,14,Intel Xeon E5-2680 v2 (Ivy Bridge),,0,119.76047904191617
ap-southeast-2b,m5d.xlarge,0.1336,2024-02-18 10:46:29+00:00,16,Intel Xeon Platinum 8175,2.5GHz,0,119.76047904191617
ap-southeast-2a,r5d.xlarge,0.16,2024-02-18 06:31:06+00:00,19,Intel Xeon Platinum 8175,2.5GHz,0,118.75
us-east-1b,r5d.xlarge,0.1617,2024-02-18 07:17:18+00:00,19,Intel Xeon Platinum 8175,2.5GHz,0,117.50154607297463
us-west-1b,r5d.xlarge,0.1629,2024-02-18 11:16:25+00:00,19,Intel Xeon Platinum 8175,2.5GHz,2,116.63597298956415
us-east-1b,z1d.xlarge,0.1979,2024-02-18 11:47:06+00:00,23,Intel Xeon Platinum 8151,4.0GHz,4,116.22031328954017
eu-west-1b,r5d.xlarge,0.164,2024-02-18 07:01:19+00:00,19,Intel Xeon Platinum 8175,2.5GHz,0,115.85365853658536
eu-west-1c,m5d.xlarge,0.1383,2024-02-18 08:47:36+00:00,16,Intel Xeon Platinum 8175,2.5GHz,1,115.69052783803326
us-east-1a,r5d.xlarge,0.1647,2024-02-18 07:17:18+00:00,19,Intel Xeon Platinum 8175,2.5GHz,0,115.3612629022465
eu-west-1b,m5d.xlarge,0.1422,2024-02-18 11:16:45+00:00,16,Intel Xeon Platinum 8175,2.5GHz,1,112.51758087201125
sa-east-1b,c5.xlarge,0.1794,2024-02-18 05:31:39+00:00,20,Intel Xeon Platinum 8124M,,2,111.48272017837235
eu-west-1a,c3.xlarge,0.1269,2024-02-18 09:46:34+00:00,14,Intel Xeon E5-2680 v2 (Ivy Bridge),,0,110.3230890464933
eu-west-2c,r5d.xlarge,0.1746,2024-02-18 08:46:33+00:00,19,Intel Xeon Platinum 8175,2.5GHz,4,108.82016036655212
sa-east-1c,m5d.xlarge,0.1494,2024-02-18 05:46:29+00:00,16,Intel Xeon Platinum 8175,2.5GHz,1,107.095046854083
sa-east-1c,c5.xlarge,0.1868,2024-02-18 10:16:37+00:00,20,Intel Xeon Platinum 8124M,,2,107.06638115631692
us-east-1a,c3.xlarge,0.1311,2024-02-18 11:32:20+00:00,14,Intel Xeon E5-2680 v2 (Ivy Bridge),,0,106.78871090770404
sa-east-1a,m5d.xlarge,0.1503,2024-02-18 10:46:30+00:00,16,Intel Xeon Platinum 8175,2.5GHz,1,106.45375914836994
eu-west-2a,r5d.xlarge,0.1815,2024-02-18 07:46:25+00:00,19,Intel Xeon Platinum 8175,2.5GHz,4,104.68319559228651
us-east-1c,c3.xlarge,0.1339,2024-02-18 09:47:53+00:00,14,Intel Xeon E5-2680 v2 (Ivy Bridge),,0,104.55563853622107
us-west-1b,c3.xlarge,0.1506,2024-02-18 08:02:03+00:00,14,Intel Xeon E5-2680 v2 (Ivy Bridge),,0,92.96148738379813
sa-east-1b,m5d.xlarge,0.1838,2024-02-18 10:01:28+00:00,16,Intel Xeon Platinum 8175,2.5GHz,1,87.05114254624593
eu-west-2b,r5d.xlarge,0.2195,2024-02-18 11:31:35+00:00,19,Intel Xeon Platinum 8175,2.5GHz,4,86.56036446469248
ap-south-1c,m5a.xlarge,0.0502,2024-02-18 12:16:30+00:00,0,AMD EPYC 7571,,0,0.0
ap-northeast-2d,t3.xlarge,0.0527,2024-02-18 08:01:48+00:00,0,Intel Skylake E5 2686 v5,,0,0.0
eu-north-1c,t3.xlarge,0.0534,2024-02-18 01:01:17+00:00,0,Intel Skylake E5 2686 v5,,0,0.0
eu-north-1a,t3.xlarge,0.0559,2024-02-18 03:31:20+00:00,0,Intel Skylake E5 2686 v5,,0,0.0
us-east-2c,t2.xlarge,0.0564,2024-02-17 21:02:01+00:00,0,Intel Xeon Family,,0,0.0
eu-north-1b,t3.xlarge,0.0567,2024-02-18 07:46:22+00:00,0,Intel Skylake E5 2686 v5,,0,0.0
us-east-2b,t2.xlarge,0.057,2024-02-18 03:32:32+00:00,0,Intel Xeon Family,,0,0.0
ap-south-1a,m5a.xlarge,0.0572,2024-02-18 05:31:41+00:00,0,AMD EPYC 7571,,0,0.0
ap-south-1b,m5a.xlarge,0.0577,2024-02-18 05:01:37+00:00,0,AMD EPYC 7571,,0,0.0
us-east-2a,t2.xlarge,0.0581,2024-02-18 01:16:40+00:00,0,Intel Xeon Family,,0,0.0
us-east-2a,t3.xlarge,0.0581,2024-02-18 05:02:13+00:00,0,Intel Skylake E5 2686 v5,,0,0.0
us-east-2b,t3.xlarge,0.0588,2024-02-18 01:16:33+00:00,0,Intel Skylake E5 2686 v5,,0,0.0
us-west-2a,t3.xlarge,0.0637,2024-02-18 05:01:57+00:00,0,Intel Skylake E5 2686 v5,,0,0.0
ap-northeast-1c,t3.xlarge,0.066,2024-02-18 04:46:32+00:00,0,Intel Skylake E5 2686 v5,,0,0.0
ap-northeast-1a,t3.xlarge,0.066,2024-02-18 10:16:44+00:00,0,Intel Skylake E5 2686 v5,,0,0.0
ca-central-1d,t3.xlarge,0.0665,2024-02-17 13:31:31+00:00,0,Intel Skylake E5 2686 v5,,0,0.0
ap-south-1c,r5a.xlarge,0.0666,2024-02-18 11:16:36+00:00,0,AMD EPYC 7571,,0,0.0
eu-west-2a,t3.xlarge,0.0669,2024-02-18 08:31:32+00:00,0,Intel Skylake E5 2686 v5,,0,0.0
ap-northeast-2b,t3.xlarge,0.067,2024-02-18 05:33:11+00:00,0,Intel Skylake E5 2686 v5,,0,0.0
us-east-2c,t3.xlarge,0.0677,2024-02-18 06:02:11+00:00,0,Intel Skylake E5 2686 v5,,0,0.0
eu-west-2c,t3.xlarge,0.0681,2024-02-18 04:46:30+00:00,0,Intel Skylake E5 2686 v5,,0,0.0
eu-west-3c,t3.xlarge,0.0685,2024-02-18 12:16:27+00:00,0,Intel Skylake E5 2686 v5,,0,0.0
us-west-2d,t3.xlarge,0.0689,2024-02-18 06:02:10+00:00,0,Intel Skylake E5 2686 v5,,0,0.0
us-west-2a,t2.xlarge,0.0693,2024-02-18 01:17:17+00:00,0,Intel Xeon Family,,0,0.0
us-west-2b,t3.xlarge,0.0694,2024-02-18 09:47:12+00:00,0,Intel Skylake E5 2686 v5,,0,0.0
eu-west-2b,t3.xlarge,0.0702,2024-02-18 09:16:42+00:00,0,Intel Skylake E5 2686 v5,,0,0.0
ap-south-1b,r5a.xlarge,0.0703,2024-02-18 05:46:30+00:00,0,AMD EPYC 7571,,0,0.0
eu-west-3a,t3.xlarge,0.0709,2024-02-18 08:46:41+00:00,0,Intel Skylake E5 2686 v5,,0,0.0
us-west-1b,t3.xlarge,0.071,2024-02-17 20:31:26+00:00,0,Intel Skylake E5 2686 v5,,0,0.0
us-west-1a,t3.xlarge,0.0712,2024-02-18 04:46:28+00:00,0,Intel Skylake E5 2686 v5,,0,0.0
us-east-1e,t2.xlarge,0.0718,2024-02-18 01:02:14+00:00,0,Intel Xeon Family,,0,0.0
ap-northeast-1d,t3.xlarge,0.0718,2024-02-18 08:16:22+00:00,0,Intel Skylake E5 2686 v5,,0,0.0
us-west-2c,t3.xlarge,0.0722,2024-02-18 09:32:19+00:00,0,Intel Skylake E5 2686 v5,,0,0.0
us-west-2b,t2.xlarge,0.0725,2024-02-18 06:47:15+00:00,0,Intel Xeon Family,,0,0.0
us-east-1f,t3.xlarge,0.0733,2024-02-18 07:17:27+00:00,0,Intel Skylake E5 2686 v5,,0,0.0
ap-south-1a,r5a.xlarge,0.0733,2024-02-18 10:01:48+00:00,0,AMD EPYC 7571,,0,0.0
us-west-2c,t2.xlarge,0.0736,2024-02-18 12:02:31+00:00,0,Intel Xeon Family,,0,0.0
ca-central-1b,t3.xlarge,0.0741,2024-02-18 11:31:21+00:00,0,Intel Skylake E5 2686 v5,,0,0.0
sa-east-1a,t2.xlarge,0.0744,2024-02-18 05:16:22+00:00,0,Intel Xeon Family,,0,0.0
ap-northeast-2c,t3.xlarge,0.0745,2024-02-18 10:46:55+00:00,0,Intel Skylake E5 2686 v5,,0,0.0
eu-central-1a,t3.xlarge,0.0754,2024-02-18 07:16:18+00:00,0,Intel Skylake E5 2686 v5,,0,0.0
eu-central-1c,t2.xlarge,0.0755,2024-02-18 06:01:45+00:00,0,Intel Xeon Family,,0,0.0
us-east-1c,t2.xlarge,0.0758,2024-02-18 10:17:59+00:00,0,Intel Xeon Family,,0,0.0
eu-central-1a,t2.xlarge,0.0759,2024-02-18 11:46:17+00:00,0,Intel Xeon Family,,0,0.0
us-east-1c,t3.xlarge,0.0767,2024-02-18 09:02:26+00:00,0,Intel Skylake E5 2686 v5,,0,0.0
eu-west-1c,t2.xlarge,0.0771,2024-02-18 07:16:21+00:00,0,Intel Xeon Family,,0,0.0
us-east-1b,t3.xlarge,0.0778,2024-02-18 11:02:29+00:00,0,Intel Skylake E5 2686 v5,,0,0.0
ap-south-1c,t3.xlarge,0.0785,2024-02-18 05:16:23+00:00,0,Intel Skylake E5 2686 v5,,0,0.0
ap-southeast-2c,t2.xlarge,0.0786,2024-02-18 11:01:00+00:00,0,Intel Xeon Family,,0,0.0
ap-southeast-2a,t3.xlarge,0.0789,2024-02-18 06:31:33+00:00,0,Intel Skylake E5 2686 v5,,0,0.0
eu-west-1c,t3.xlarge,0.0795,2024-02-18 00:31:32+00:00,0,Intel Skylake E5 2686 v5,,0,0.0
ap-southeast-2a,t2.xlarge,0.08,2024-02-18 06:00:44+00:00,0,Intel Xeon Family,,0,0.0
us-east-1a,t2.xlarge,0.0801,2024-02-18 03:47:45+00:00,0,Intel Xeon Family,,0,0.0
eu-west-3c,r5a.xlarge,0.0804,2024-02-18 09:32:14+00:00,0,AMD EPYC 7571,,0,0.0
us-east-2c,r5a.xlarge,0.0808,2024-02-18 02:31:38+00:00,0,AMD EPYC 7571,,0,0.0
eu-central-1b,t2.xlarge,0.0812,2024-02-18 07:47:38+00:00,0,Intel Xeon Family,,0,0.0
ap-southeast-2b,t2.xlarge,0.0812,2024-02-18 09:01:21+00:00,0,Intel Xeon Family,,0,0.0
ap-northeast-2a,t3.xlarge,0.0815,2024-02-18 03:02:09+00:00,0,Intel Skylake E5 2686 v5,,0,0.0
us-east-1f,t2.xlarge,0.0815,2024-02-18 03:02:31+00:00,0,Intel Xeon Family,,0,0.0
eu-west-1a,t3.xlarge,0.0823,2024-02-18 08:01:25+00:00,0,Intel Skylake E5 2686 v5,,0,0.0
ca-central-1a,t3.xlarge,0.0827,2024-02-18 04:01:21+00:00,0,Intel Skylake E5 2686 v5,,0,0.0
us-east-1d,t3.xlarge,0.0828,2024-02-18 10:02:32+00:00,0,Intel Skylake E5 2686 v5,,0,0.0
us-east-1b,t2.xlarge,0.0829,2024-02-17 18:17:48+00:00,0,Intel Xeon Family,,0,0.0
us-east-1d,t2.xlarge,0.0829,2024-02-18 07:32:10+00:00,0,Intel Xeon Family,,0,0.0
eu-central-1b,t3.xlarge,0.0829,2024-02-18 09:01:32+00:00,0,Intel Skylake E5 2686 v5,,0,0.0
us-east-1a,t3.xlarge,0.0833,2024-02-18 05:46:58+00:00,0,Intel Skylake E5 2686 v5,,0,0.0
ap-south-1b,t3.xlarge,0.0833,2024-02-18 08:01:26+00:00,0,Intel Skylake E5 2686 v5,,0,0.0
eu-central-1c,t3.xlarge,0.0836,2024-02-18 12:16:21+00:00,0,Intel Skylake E5 2686 v5,,0,0.0
us-east-2a,r5a.xlarge,0.0837,2024-02-18 09:16:28+00:00,0,AMD EPYC 7571,,0,0.0
eu-west-1b,t3.xlarge,0.0837,2024-02-18 11:31:32+00:00,0,Intel Skylake E5 2686 v5,,0,0.0
eu-west-3a,m5a.xlarge,0.0838,2024-02-18 06:16:33+00:00,0,AMD EPYC 7571,,0,0.0
eu-west-1b,t2.xlarge,0.0841,2024-02-18 05:46:35+00:00,0,Intel Xeon Family,,0,0.0
eu-west-3b,t3.xlarge,0.0842,2024-02-18 02:16:13+00:00,0,Intel Skylake E5 2686 v5,,0,0.0
ap-southeast-1b,t3.xlarge,0.0843,2024-02-18 10:46:19+00:00,0,Intel Skylake E5 2686 v5,,0,0.0
ap-south-1a,t3.xlarge,0.0847,2024-02-18 07:01:31+00:00,0,Intel Skylake E5 2686 v5,,0,0.0
ca-central-1a,r5a.xlarge,0.0862,2024-02-18 11:01:37+00:00,0,AMD EPYC 7571,,0,0.0
eu-west-3b,r5a.xlarge,0.0874,2024-02-18 07:31:38+00:00,0,AMD EPYC 7571,,0,0.0
eu-west-3c,m5a.xlarge,0.0881,2024-02-17 14:01:39+00:00,0,AMD EPYC 7571,,0,0.0
eu-west-1a,t2.xlarge,0.0886,2024-02-18 12:01:33+00:00,0,Intel Xeon Family,,0,0.0
sa-east-1c,t2.xlarge,0.0896,2024-02-18 09:01:42+00:00,0,Intel Xeon Family,,0,0.0
ap-southeast-1a,t3.xlarge,0.0897,2024-02-18 08:31:12+00:00,0,Intel Skylake E5 2686 v5,,0,0.0
ap-southeast-1c,t3.xlarge,0.09,2024-02-18 10:46:19+00:00,0,Intel Skylake E5 2686 v5,,0,0.0
ap-northeast-1a,m5a.xlarge,0.09,2024-02-18 11:01:32+00:00,0,AMD EPYC 7571,,0,0.0
eu-west-3b,m5a.xlarge,0.0904,2024-02-18 11:01:32+00:00,0,AMD EPYC 7571,,0,0.0
eu-west-3a,r5a.xlarge,0.0913,2024-02-18 06:01:33+00:00,0,AMD EPYC 7571,,0,0.0
ap-southeast-2c,t3.xlarge,0.0935,2024-02-18 12:00:43+00:00,0,Intel Skylake E5 2686 v5,,0,0.0
ca-central-1b,r5a.xlarge,0.0936,2024-02-18 10:46:37+00:00,0,AMD EPYC 7571,,0,0.0
ap-southeast-2b,t3.xlarge,0.0946,2024-02-18 10:01:31+00:00,0,Intel Skylake E5 2686 v5,,0,0.0
us-east-2b,r5a.xlarge,0.0953,2024-02-18 08:31:33+00:00,0,AMD EPYC 7571,,0,0.0
ap-northeast-2c,r5a.xlarge,0.097,2024-02-18 09:47:16+00:00,0,AMD EPYC 7571,,0,0.0
eu-west-2a,r5a.xlarge,0.0994,2024-02-18 11:16:38+00:00,0,AMD EPYC 7571,,0,0.0
eu-central-1c,m5a.xlarge,0.0999,2024-02-18 09:46:41+00:00,0,AMD EPYC 7571,,0,0.0
us-west-1a,m5a.xlarge,0.1,2024-02-18 05:31:22+00:00,0,AMD EPYC 7571,,0,0.0
ap-northeast-1a,r5a.xlarge,0.1003,2024-02-18 06:01:28+00:00,0,AMD EPYC 7571,,0,0.0
eu-central-1a,m5a.xlarge,0.1019,2024-02-18 10:31:28+00:00,0,AMD EPYC 7571,,0,0.0
ap-northeast-1d,r5a.xlarge,0.1042,2024-02-18 08:46:17+00:00,0,AMD EPYC 7571,,0,0.0
ap-northeast-1d,m5a.xlarge,0.1066,2024-02-18 06:01:35+00:00,0,AMD EPYC 7571,,0,0.0
ap-northeast-1c,m5a.xlarge,0.1066,2024-02-18 07:01:22+00:00,0,AMD EPYC 7571,,0,0.0
sa-east-1a,t3.xlarge,0.1066,2024-02-18 11:01:38+00:00,0,Intel Skylake E5 2686 v5,,0,0.0
eu-west-2b,r5a.xlarge,0.1071,2024-02-18 12:02:37+00:00,0,AMD EPYC 7571,,0,0.0
us-west-1b,m5a.xlarge,0.1083,2024-02-18 08:01:23+00:00,0,AMD EPYC 7571,,0,0.0
eu-central-1b,m5a.xlarge,0.1099,2024-02-18 10:01:11+00:00,0,AMD EPYC 7571,,0,0.0
ap-northeast-2a,r5a.xlarge,0.1107,2024-02-18 11:02:20+00:00,0,AMD EPYC 7571,,0,0.0
ap-northeast-1c,r5a.xlarge,0.1164,2024-02-18 09:31:41+00:00,0,AMD EPYC 7571,,0,0.0
eu-west-2c,r5a.xlarge,0.1167,2024-02-18 12:17:04+00:00,0,AMD EPYC 7571,,0,0.0
eu-west-1a,r5a.xlarge,0.1173,2024-02-18 03:31:31+00:00,0,AMD EPYC 7571,,0,0.0
ap-southeast-2b,r5a.xlarge,0.1182,2024-02-18 10:16:43+00:00,0,AMD EPYC 7571,,0,0.0
eu-west-1b,r5a.xlarge,0.121,2024-02-18 07:31:53+00:00,0,AMD EPYC 7571,,0,0.0
sa-east-1c,t3.xlarge,0.1221,2024-02-18 08:31:27+00:00,0,Intel Skylake E5 2686 v5,,0,0.0
ap-southeast-2a,r5a.xlarge,0.1226,2024-02-18 06:01:16+00:00,0,AMD EPYC 7571,,0,0.0
ap-southeast-2c,r5a.xlarge,0.1291,2024-02-18 12:16:43+00:00,0,AMD EPYC 7571,,0,0.0
eu-central-1a,r5a.xlarge,0.1329,2024-02-18 08:17:34+00:00,0,AMD EPYC 7571,,0,0.0
eu-west-1c,r5a.xlarge,0.1359,2024-02-18 02:31:27+00:00,0,AMD EPYC 7571,,0,0.0
eu-central-1b,r5a.xlarge,0.1374,2024-02-18 09:32:37+00:00,0,AMD EPYC 7571,,0,0.0
eu-central-1c,r5a.xlarge,0.1439,2024-02-18 07:16:48+00:00,0,AMD EPYC 7571,,0,0.0
ap-northeast-3a,t3.xlarge,0.0301,2024-02-18 00:00:39+00:00,0,Intel Skylake E5 2686 v5,,1,0.0
ap-northeast-1c,t2.xlarge,0.0366,2024-02-18 05:01:52+00:00,0,Intel Xeon Family,,1,0.0
ap-northeast-1a,t2.xlarge,0.0423,2024-02-18 07:01:18+00:00,0,Intel Xeon Family,,1,0.0
ap-northeast-3c,t3.xlarge,0.0434,2024-02-18 06:16:51+00:00,0,Intel Skylake E5 2686 v5,,1,0.0
ap-northeast-1d,t2.xlarge,0.0448,2024-02-18 04:01:33+00:00,0,Intel Xeon Family,,1,0.0
us-west-1a,t2.xlarge,0.0467,2024-02-17 19:46:28+00:00,0,Intel Xeon Family,,1,0.0
ap-northeast-2c,t2.xlarge,0.0571,2024-02-18 05:16:35+00:00,0,Intel Xeon Family,,1,0.0
ap-northeast-3b,t3.xlarge,0.0584,2024-02-18 09:16:22+00:00,0,Intel Skylake E5 2686 v5,,1,0.0
eu-west-2a,t2.xlarge,0.0647,2024-02-18 06:46:38+00:00,0,Intel Xeon Family,,1,0.0
ca-central-1b,t2.xlarge,0.0653,2024-02-18 02:46:31+00:00,0,Intel Xeon Family,,1,0.0
us-west-1b,t2.xlarge,0.0658,2024-02-18 06:31:29+00:00,0,Intel Xeon Family,,1,0.0
eu-west-2b,t2.xlarge,0.0677,2024-02-18 05:01:28+00:00,0,Intel Xeon Family,,1,0.0
eu-west-3a,t2.xlarge,0.0686,2024-02-18 03:32:04+00:00,0,Intel Xeon Family,,1,0.0
ca-central-1a,t2.xlarge,0.0692,2024-02-18 06:16:26+00:00,0,Intel Xeon Family,,1,0.0
ap-northeast-2a,t2.xlarge,0.0696,2024-02-18 09:17:06+00:00,0,Intel Xeon Family,,1,0.0
eu-west-3c,t2.xlarge,0.0698,2024-02-18 07:31:26+00:00,0,Intel Xeon Family,,1,0.0
eu-west-2c,t2.xlarge,0.0703,2024-02-18 10:17:21+00:00,0,Intel Xeon Family,,1,0.0
ap-south-1a,t2.xlarge,0.0706,2024-02-18 00:46:27+00:00,0,Intel Xeon Family,,1,0.0
us-east-2a,m5a.xlarge,0.0712,2024-02-18 11:17:36+00:00,0,AMD EPYC 7571,,1,0.0
ap-south-1b,t2.xlarge,0.0721,2024-02-18 02:16:29+00:00,0,Intel Xeon Family,,1,0.0
us-west-2d,r5a.xlarge,0.073,2024-02-18 07:17:33+00:00,0,AMD EPYC 7571,,1,0.0
eu-west-3b,t2.xlarge,0.0764,2024-02-18 03:47:37+00:00,0,Intel Xeon Family,,1,0.0
us-east-2b,m5a.xlarge,0.0799,2024-02-18 04:46:29+00:00,0,AMD EPYC 7571,,1,0.0
us-east-2c,m5a.xlarge,0.0821,2024-02-18 05:16:29+00:00,0,AMD EPYC 7571,,1,0.0
eu-west-2c,m5a.xlarge,0.0833,2024-02-18 11:32:21+00:00,0,AMD EPYC 7571,,1,0.0
ap-southeast-2c,m5a.xlarge,0.0859,2024-02-18 08:46:35+00:00,0,AMD EPYC 7571,,1,0.0
ap-southeast-2a,m5a.xlarge,0.0897,2024-02-18 01:46:10+00:00,0,AMD EPYC 7571,,1,0.0
us-west-2b,r5a.xlarge,0.0901,2024-02-18 10:17:13+00:00,0,AMD EPYC 7571,,1,0.0
eu-west-2b,m5a.xlarge,0.0946,2024-02-18 10:46:36+00:00,0,AMD EPYC 7571,,1,0.0
ap-southeast-2b,m5a.xlarge,0.0953,2024-02-18 08:16:18+00:00,0,AMD EPYC 7571,,1,0.0
us-west-2a,r5a.xlarge,0.0956,2024-02-18 07:01:33+00:00,0,AMD EPYC 7571,,1,0.0
eu-west-2a,m5a.xlarge,0.0973,2024-02-18 09:46:30+00:00,0,AMD EPYC 7571,,1,0.0
us-west-2c,r5a.xlarge,0.1062,2024-02-18 10:17:13+00:00,0,AMD EPYC 7571,,1,0.0
ap-southeast-1b,r5a.xlarge,0.1181,2024-02-18 11:16:39+00:00,0,AMD EPYC 7571,,1,0.0
ap-southeast-1a,r5a.xlarge,0.1317,2024-02-18 10:51:42+00:00,0,AMD EPYC 7571,,1,0.0
ap-southeast-1c,r5a.xlarge,0.1361,2024-02-18 10:51:42+00:00,0,AMD EPYC 7571,,1,0.0
sa-east-1b,m5a.xlarge,0.1451,2024-02-18 07:31:35+00:00,0,AMD EPYC 7571,,1,0.0
sa-east-1a,m5a.xlarge,0.1486,2024-02-18 07:31:35+00:00,0,AMD EPYC 7571,,1,0.0
sa-east-1c,m5a.xlarge,0.1489,2024-02-18 11:01:23+00:00,0,AMD EPYC 7571,,1,0.0
ap-northeast-3a,t2.xlarge,0.0316,2024-02-17 23:46:09+00:00,0,Intel Xeon Family,,2,0.0
us-west-2d,m5a.xlarge,0.0689,2024-02-18 11:17:24+00:00,0,AMD EPYC 7571,,2,0.0
us-west-2c,m5a.xlarge,0.0799,2024-02-17 15:47:22+00:00,0,AMD EPYC 7571,,2,0.0
us-west-2b,m5a.xlarge,0.0834,2024-02-18 06:31:48+00:00,0,AMD EPYC 7571,,2,0.0
us-west-2a,m5a.xlarge,0.0835,2024-02-18 02:01:43+00:00,0,AMD EPYC 7571,,2,0.0
us-east-1a,m5a.xlarge,0.087,2024-02-17 19:32:00+00:00,0,AMD EPYC 7571,,2,0.0
eu-west-1b,m5a.xlarge,0.0877,2024-02-18 11:02:09+00:00,0,AMD EPYC 7571,,2,0.0
us-east-1f,m5a.xlarge,0.0885,2024-02-18 07:48:35+00:00,0,AMD EPYC 7571,,2,0.0
us-east-1d,m5a.xlarge,0.0889,2024-02-18 05:47:34+00:00,0,AMD EPYC 7571,,2,0.0
eu-west-1c,m5a.xlarge,0.0891,2024-02-18 00:46:48+00:00,0,AMD EPYC 7571,,2,0.0
us-east-1c,m5a.xlarge,0.0897,2024-02-18 04:17:03+00:00,0,AMD EPYC 7571,,2,0.0
us-east-1b,m5a.xlarge,0.0918,2024-02-18 09:46:59+00:00,0,AMD EPYC 7571,,2,0.0
eu-west-1a,m5a.xlarge,0.0943,2024-02-18 09:32:01+00:00,0,AMD EPYC 7571,,2,0.0
us-east-1f,r5a.xlarge,0.1048,2024-02-18 10:32:53+00:00,0,AMD EPYC 7571,,2,0.0
us-east-1c,r5a.xlarge,0.1071,2024-02-18 04:02:44+00:00,0,AMD EPYC 7571,,2,0.0
sa-east-1c,r5a.xlarge,0.1103,2024-02-18 10:16:38+00:00,0,AMD EPYC 7571,,2,0.0
us-east-1a,r5a.xlarge,0.1104,2024-02-18 03:48:02+00:00,0,AMD EPYC 7571,,2,0.0
sa-east-1a,r5a.xlarge,0.1169,2024-02-18 09:16:06+00:00,0,AMD EPYC 7571,,2,0.0
us-east-1d,r5a.xlarge,0.1192,2024-02-18 11:02:33+00:00,0,AMD EPYC 7571,,2,0.0
us-east-1b,r5a.xlarge,0.1224,2024-02-18 05:17:30+00:00,0,AMD EPYC 7571,,2,0.0
ap-northeast-2c,m5a.xlarge,0.0812,2024-02-18 08:31:44+00:00,0,AMD EPYC 7571,,3,0.0
ap-southeast-1c,t2.xlarge,0.0815,2024-02-18 07:32:07+00:00,0,Intel Xeon Family,,3,0.0
ap-southeast-1b,t2.xlarge,0.0833,2024-02-18 06:46:38+00:00,0,Intel Xeon Family,,3,0.0
ap-southeast-1a,t2.xlarge,0.0881,2024-02-18 07:32:07+00:00,0,Intel Xeon Family,,3,0.0
ap-northeast-2a,m5a.xlarge,0.0927,2024-02-18 07:31:44+00:00,0,AMD EPYC 7571,,3,0.0
ca-central-1a,m5a.xlarge,0.0941,2024-02-18 10:46:23+00:00,0,AMD EPYC 7571,,3,0.0
ca-central-1b,m5a.xlarge,0.1016,2024-02-18 10:31:25+00:00,0,AMD EPYC 7571,,3,0.0
ap-southeast-1b,m5a.xlarge,0.1128,2024-02-18 07:46:18+00:00,0,AMD EPYC 7571,,3,0.0
ca-central-1d,m5a.xlarge,0.1141,2024-02-18 09:46:43+00:00,0,AMD EPYC 7571,,3,0.0
ap-southeast-1a,m5a.xlarge,0.123,2024-02-18 08:31:38+00:00,0,AMD EPYC 7571,,3,0.0
ap-southeast-1c,m5a.xlarge,0.1267,2024-02-18 12:16:25+00:00,0,AMD EPYC 7571,,3,0.0
us-west-1b,r5a.xlarge,0.0998,2024-02-18 07:31:15+00:00,0,AMD EPYC 7571,,4,0.0
us-west-1a,r5a.xlarge,0.1034,2024-02-18 06:16:41+00:00,0,AMD EPYC 7571,,4,0.0
